Name,class,smiles,AD2D106,AD2D111,AD2D731,ExtFP619,FP191,FP203,FP374,FP800,GraphFP137,GraphFP829,KRFP98,KRFP330,KRFP348,KRFP349,KRFP350,KRFP354,KRFP498,KRFP566,KRFP589,KRFP604,KRFP1524,KRFP1724,KRFP1726,KRFP3788,KRFP4015,KRFP4822,MACCSFP107,MACCSFP123,MACCSFP153,PubchemFP343
16421-40-2,NRB,CC(=O)NC1=CC(=C(C=C1N=NC2=C(C=C(C=C2Cl)[N+](=O)[O-])[N+](=O)[O-])OC)N(CCOC(=O)C)CC3=CC=CC=C3,0,0,0,1,1,1,1,1,1,0,0,0,0,0,0,0,0,1,0,0,0,0,0,1,0,0,1,1,1,0
25150-28-1,NRB,CCN(CCC#N)c1ccc(N=Nc2nc3cc(Cl)cc(Cl)c3s2)cc1,0,0,0,1,0,1,0,1,0,0,0,0,0,0,0,0,0,0,0,0,0,0,0,0,0,0,1,0,1,0
25176-89-0,NRB,CCN(CCC#N)C1=CC=C(C=C1)N=NC2=NC3=CC(=C(C=C3S2)Cl)Cl,0,0,0,1,0,1,0,0,0,0,0,0,0,0,0,0,0,0,0,0,0,0,0,0,0,0,1,0,1,0
23077-61-4,NRB,C1=CC=C2C(=C1)C3=C(N2)C(=C(C=C3)O)C(=O)NC4=CC=C(C=C4)Cl,0,0,0,1,0,1,1,0,0,0,0,0,0,0,0,0,0,0,0,0,0,0,0,0,0,0,1,0,0,0
23355-64-8,NRB,C1=CC(=C(C=C1N(CCO)CCO)Cl)N=NC2=C(C=C(C=C2Cl)[N+](=O)[O-])Cl,0,0,0,1,0,1,0,0,0,0,0,0,0,0,0,0,0,0,0,0,0,0,0,1,0,0,1,0,1,0
24448-09-7,NRB,CN(CCO)S(=O)(=O)C(C(C(C(C(C(C(C(F)(F)F)(F)F)(F)F)(F)F)(F)F)(F)F)(F)F)(F)F,0,0,0,0,0,0,0,0,0,0,0,0,0,0,0,0,0,0,0,0,0,0,0,1,0,0,1,0,1,0
12789-03-6,NRB,C1C2C(C(C1Cl)Cl)C3(C(=C(C2(C3(Cl)Cl)Cl)Cl)Cl)Cl,0,0,0,0,0,0,0,0,0,0,0,0,0,0,0,0,0,0,0,0,0,0,0,0,0,0,1,0,0,1
17464-91-4,NRB,C1=CC(=C(C=C1N(CCO)CCO)Cl)N=NC2=C(C=C(C=C2Br)[N+](=O)[O-])Cl,0,0,0,1,0,1,0,0,0,0,0,0,0,0,0,0,0,0,0,0,0,0,0,1,0,0,1,0,1,0
2746-81-8,NRB,CCCCCCC(=O)OCCN1CCN(CC1)CCCN2C3=CC=CC=C3SC4=C2C=C(C=C4)C(F)(F)F,0,0,0,0,0,0,1,1,1,0,0,0,0,0,1,1,0,0,0,0,0,0,0,1,0,0,1,1,1,0
6371-23-9,NRB,CC1=CC(=CC2=C1C(=O)C(=C3C(=O)C4=C(C(=CC(=C4S3)Cl)Cl)C)S2)Cl,0,0,0,1,0,1,1,1,0,0,0,0,0,0,0,0,0,0,0,0,0,0,0,0,0,0,1,0,0,0
6373-31-5,NRB,C1=CC=C2C(=C1)C(=O)C3=C(C=C4C(=C3C2=O)NC5=C(C4=O)C=C(C=C5Cl)Cl)Cl,0,0,0,1,0,1,1,0,0,0,0,0,0,0,0,0,0,0,0,0,0,0,0,0,0,0,1,0,0,0
6407-74-5,NRB,CC1=NN(C(=O)C1N=NC2=CC=CC=C2Cl)C3=CC=CC=C3,0,0,0,1,0,1,0,0,0,0,0,0,0,0,0,0,0,0,0,0,0,0,0,0,0,0,1,0,0,0
6410-13-5,NRB,C1=CC=C2C(=C1)C=CC(=C2N=NC3=C(C=C(C=C3)Cl)[N+](=O)[O-])O,0,0,0,1,0,1,1,0,0,0,0,0,0,0,0,0,0,0,0,0,0,0,0,0,0,0,1,0,0,0
6410-41-9,NRB,CCN(CC)S(=O)(=O)C1=CC(=C(C=C1)OC)N=NC2=C(C(=CC3=CC=CC=C32)C(=O)NC4=CC(=C(C=C4OC)OC)Cl)O,0,0,0,1,0,1,1,0,0,0,0,0,0,0,0,0,0,0,0,0,0,0,0,0,0,0,1,0,1,0
14295-43-3,NRB,C1=CC(=C2C(=C1Cl)C(=O)C(=C3C(=O)C4=C(C=CC(=C4S3)Cl)Cl)S2)Cl,0,0,0,1,0,1,1,1,0,0,0,0,0,0,0,0,0,0,0,0,0,0,0,0,0,0,1,0,0,0
2062-78-4,NRB,C1CN(CCC1N2C3=CC=CC=C3NC2=O)CCCC(C4=CC=C(C=C4)F)C5=CC=C(C=C5)F,0,0,0,1,1,0,1,0,0,0,0,0,0,0,0,0,0,0,0,0,0,0,0,0,0,0,1,0,1,0
12236-64-5,NRB,CC(=O)NC1=CC=C(C=C1)NC(=O)C2=CC3=CC=CC=C3C(=C2O)N=NC4=C(C=CC(=C4)C(=O)N)Cl,0,0,0,1,0,1,1,0,0,0,0,0,0,0,0,0,0,0,0,0,0,0,0,0,0,0,1,0,0,0
12239-34-8,NRB,CCOC1=C(C=C(C(=C1)N=NC2=C(C(=CC(=C2)[N+](=O)[O-])[N+](=O)[O-])Br)NC(=O)C)N(CCOC(=O)C)CCOC(=O)C,0,0,0,0,0,0,1,1,1,0,0,0,0,0,0,0,0,0,0,0,0,0,0,1,0,0,1,1,1,0
2379-74-0,NRB,CC1=CC(=CC2=C1C(=O)C(=C3C(=O)C4=C(S3)C=C(C=C4C)Cl)S2)Cl,0,0,0,1,0,1,1,1,0,0,0,0,0,0,0,0,0,0,0,0,0,0,0,0,0,0,1,0,0,0
2379-75-1,NRB,CC1=CC(=C(C2=C1SC(=C3C(=O)C4=C(S3)C(=CC(=C4C)Cl)C)C2=O)C)Cl,0,0,0,1,0,1,1,1,0,0,0,0,0,0,0,0,0,0,0,0,0,0,0,0,0,0,1,0,0,0
5102-83-0,NRB,CC1=CC(=C(C=C1)NC(=O)C(C(=O)C)N=NC2=C(C=C(C=C2)C3=CC(=C(C=C3)N=NC(C(=O)C)C(=O)NC4=C(C=C(C=C4)C)C)Cl)Cl)C,0,0,0,1,0,1,1,0,0,0,0,0,0,0,0,0,0,0,0,0,0,0,0,0,0,0,1,0,0,0
647-42-7,NRB,C(CO)C(C(C(C(C(C(F)(F)F)(F)F)(F)F)(F)F)(F)F)(F)F,0,0,0,0,0,0,0,0,0,0,0,0,0,0,0,0,0,0,0,0,0,0,0,1,0,0,1,0,1,0
1154-59-2,NRB,C1=CC(=C(C=C1NC(=O)C2=C(C(=CC(=C2)Cl)Cl)O)Cl)Cl,0,0,0,1,0,1,1,0,0,0,0,0,0,0,0,0,0,0,0,0,0,0,0,0,0,0,1,0,0,0
1176-74-5,NRB,CCOC(=O)C1=CC=CC=C1C(=C2C=C(C(=O)C(=C2)Br)Br)C3=CC(=C(C(=C3)Br)O)Br,0,0,0,1,0,1,0,1,1,0,0,0,0,0,0,0,0,0,0,0,0,0,0,1,0,0,1,1,1,0
1652-63-7,NRB,CCC[N+](C)(C)C.[I-],0,0,0,0,0,0,0,0,0,0,0,0,0,0,0,0,0,0,0,0,0,0,0,0,0,0,0,0,1,0
1691-99-2,NRB,CCN(CCO)S(=O)(=O)C(C(C(C(C(C(C(C(F)(F)F)(F)F)(F)F)(F)F)(F)F)(F)F)(F)F)(F)F,0,0,0,0,0,0,0,0,0,0,0,0,0,0,0,0,0,0,0,0,0,0,0,1,0,0,1,0,1,0
2134-15-8,NRB,C1(=C(C(=C(C(=C1Cl)Cl)Cl)Cl)OC2=C(C(=C(C(=C2Cl)Cl)Cl)Cl)Cl)O,0,0,0,1,0,1,0,0,0,0,0,0,0,0,0,0,0,0,0,0,0,0,0,0,0,0,1,0,0,0
3687-67-0,NRB,C1=CC2=C(C(=C1)Cl)C3=C(C=C2)C(=C(S3)C4=NC5=C(C4=O)C=C(C=C5)Br)O,0,0,0,1,1,1,1,0,0,0,0,0,0,0,0,0,0,0,0,0,0,0,0,0,0,0,1,0,0,0
5261-31-4,NRB,CC(=O)OCCN(CCC#N)C1=CC=C(C=C1)N=NC2=C(C=C(C=C2Cl)[N+](=O)[O-])Cl,0,0,0,1,0,1,0,1,1,0,0,0,0,0,0,0,0,0,0,0,0,0,0,1,0,0,1,1,1,0
2537-62-4,NRB,CCN(CC)C1=CC(=C(C=C1)N=NC2=C(C=C(C=C2Br)[N+](=O)[O-])C#N)NC(=O)C,0,0,0,0,0,0,1,0,0,0,0,0,0,0,0,0,0,0,0,0,0,0,0,0,0,0,1,0,1,0
6232-56-0,NRB,CN(CCO)C1=CC=C(C=C1)N=NC2=C(C=C(C=C2Cl)[N+](=O)[O-])Cl,0,0,0,1,0,1,0,0,0,0,0,0,0,0,0,0,0,0,0,0,0,0,0,1,0,0,1,0,1,0
944-61-6,NRB,COC1=C(C(=C(C(=C1Cl)Cl)Cl)Cl)OC,0,0,0,1,0,1,0,0,1,0,0,0,0,0,0,0,0,0,0,0,0,0,0,0,0,0,1,0,0,0
1336-36-3,NRB,C1=C(C=C(C(=C1Cl)Cl)Cl)C2=CC(=C(C(=C2)Cl)Cl)Cl,0,0,0,1,0,1,0,0,0,0,0,0,0,0,0,0,0,0,0,0,0,0,0,0,0,0,1,0,0,0
115-39-9,NRB,C1=CC=C2C(=C1)C(OS2(=O)=O)(C3=CC(=C(C(=C3)Br)O)Br)C4=CC(=C(C(=C4)Br)O)Br,0,0,0,1,0,1,0,0,1,0,0,0,0,0,0,0,0,0,0,0,0,0,0,0,0,0,1,0,0,0
115-40-2,NRB,CC1=CC(=CC(=C1O)Br)C2(C3=CC=CC=C3S(=O)(=O)O2)C4=CC(=C(C(=C4)C)O)Br,0,0,0,1,0,1,0,0,1,0,0,0,0,0,0,0,0,0,0,0,0,0,0,0,0,0,1,0,0,0
132-61-6,NRB,C1=CC=C2C(=C1)C3=CC(=C(C=C3N2)O)C(=O)NC4=CC=C(C=C4)Cl,0,0,0,1,0,1,1,0,0,0,0,0,0,0,0,0,0,0,0,0,0,0,0,0,0,0,1,0,0,0
133-49-3,NRB,C1(=C(C(=C(C(=C1Cl)Cl)Cl)Cl)Cl)S,0,0,0,1,0,1,0,0,0,0,0,0,0,0,0,0,0,0,0,0,0,0,0,0,0,0,1,0,0,0
135-63-7,NRB,CC1=C(C=C(C=C1)Cl)NC(=O)C2=CC3=CC=CC=C3C=C2O,0,0,0,1,0,1,1,0,0,0,0,0,0,0,0,0,0,0,0,0,0,0,0,0,0,0,1,0,0,0
440-17-5,NRB,CN1CCN(CC1)CCCN2C3=CC=CC=C3SC4=C2C=C(C=C4)C(F)(F)F,0,0,0,0,0,0,1,0,0,0,0,0,0,0,0,0,0,0,0,0,0,0,0,0,0,0,1,0,1,0
56-95-1,NRB,CC(=O)O.CC(=O)O.C1=CC(=CC=C1NC(=NC(=NCCCCCCN=C(N)N=C(N)NC2=CC=C(C=C2)Cl)N)N)Cl,0,0,0,1,1,1,1,0,0,0,0,0,1,0,0,0,0,0,0,0,0,0,0,1,0,0,1,1,1,0
58-38-8,NRB,CN1CCN(CC1)CCCN2C3=CC=CC=C3SC4=C2C=C(C=C4)Cl,0,0,0,1,0,1,1,0,0,0,0,0,0,0,0,0,0,0,0,0,0,0,0,0,0,0,1,0,1,0
58-89-9,NRB,C1(C(C(C(C(C1Cl)Cl)Cl)Cl)Cl)Cl,0,0,0,0,0,0,0,0,0,0,0,0,0,0,0,0,0,0,0,0,0,0,0,0,0,0,1,0,0,1
76-60-8,NRB,CC1=C(C(=C(C=C1C2(C3=CC=CC=C3S(=O)(=O)O2)C4=CC(=C(C(=C4C)Br)O)Br)Br)O)Br,0,0,0,1,1,1,0,0,1,0,0,0,0,0,0,0,0,0,0,0,0,0,0,0,0,0,1,0,0,0
1987/10/5,NRB,C1=CC(=CC=C1NC(=O)C2=C(C(=CC(=C2)Br)Br)O)Br,0,0,0,0,0,0,1,0,0,0,0,0,0,0,0,0,0,0,0,0,0,0,0,0,0,0,1,0,0,0
92-72-8,NRB,COC1=CC(=C(C=C1NC(=O)C2=CC3=CC=CC=C3C=C2O)Cl)OC,0,0,0,1,0,1,1,0,0,0,0,0,0,0,0,0,0,0,0,0,0,0,0,0,0,0,1,0,0,0
92-76-2,NRB,CC1=C(C=CC(=C1)Cl)NC(=O)C2=CC3=CC=CC=C3C=C2O,0,0,0,1,0,1,1,0,0,0,0,0,0,0,0,0,0,0,0,0,0,0,0,0,0,0,1,0,0,0
53-19-0,NRB,C1=CC=C(C(=C1)C(C2=CC=C(C=C2)Cl)C(Cl)Cl)Cl,0,0,0,1,0,1,1,0,0,0,0,0,0,0,0,0,0,0,0,0,0,0,0,0,0,0,1,0,0,1
28824-41-1,NRB,C1=CC(=CC=C1CCNCCC#N)N=NC2=NC3=C(S2)C=C(C=C3Br)Br,0,0,0,0,0,0,1,0,0,0,0,0,0,0,0,0,0,0,0,0,0,0,0,0,0,0,1,0,1,0
31030-27-0,NRB,CCN(CCOC1=CC=CC=C1)C2=CC=C(C=C2)N=NC3=C(C=C(C=C3)[N+](=O)[O-])Cl,0,0,0,1,0,1,0,0,0,0,0,0,0,0,0,0,0,0,0,0,0,0,0,1,0,0,1,0,1,0
32534-81-9,NRB,C1=CC(=C(C=C1Br)Br)OC2=CC(=C(C=C2Br)Br)Br,0,0,0,0,0,0,0,0,0,0,0,0,0,0,0,0,0,0,0,0,0,0,0,0,0,0,1,0,0,0
33979-43-0,NRB,CC(=O)OCCN(CCC#N)C1=CC=C(C=C1)N=NC2=NC3=CC(=C(C=C3S2)Cl)Cl,0,0,0,1,0,1,0,1,1,0,0,0,0,0,0,0,0,0,0,0,0,0,0,1,0,0,1,1,1,0
34455-03-3,NRB,CCN(CCO)S(=O)(=O)C(C(C(C(C(C(F)(F)F)(F)F)(F)F)(F)F)(F)F)(F)F,0,0,0,0,0,0,0,0,0,0,0,0,0,0,0,0,0,0,0,0,0,0,0,1,0,0,1,0,1,0
40088-47-9,NRB,C1=CC(=CC=C1OC2=C(C(=C(C=C2)Br)Br)Br)Br,0,0,0,0,0,0,0,0,0,0,0,0,0,0,0,0,0,0,0,0,0,0,0,0,0,0,1,0,0,0
42852-92-6,NRB,CC(=O)NC1=CC(=C(C=C1N=NC2=C(C=C(C=C2Br)[N+](=O)[O-])[N+](=O)[O-])OC)N(CC=C)CC3=CC=CC=C3,0,0,0,0,0,0,1,0,0,0,0,0,0,0,0,0,0,1,0,0,0,0,0,0,0,0,1,0,1,0
52697-38-8,NRB,CCN(CC)C1=CC(=C(C=C1)N=NC2=C(C=C(C=C2Br)[N+](=O)[O-])[N+](=O)[O-])NC(=O)C,0,0,0,0,0,0,1,0,0,0,0,0,0,0,0,0,0,0,0,0,0,0,0,0,0,0,1,0,1,0
55281-26-0,NRB,CCN(CCC#N)C1=CC=C(C=C1)N=NC2=C(C=C(C=C2Br)[N+](=O)[O-])Br,0,0,0,0,0,0,0,0,0,0,0,0,0,0,0,0,0,0,0,0,0,0,0,0,0,0,1,0,1,0
55619-18-6,NRB,CC(=O)OCCN(CCOC(=O)C)C1=CC=C(C=C1)N=NC2=C(C=C(C=C2Br)[N+](=O)[O-])Br,0,0,0,0,0,0,0,1,1,0,0,0,0,0,0,0,0,0,0,0,0,0,0,1,0,0,1,1,1,0
58161-93-6,NRB,CC(C)(C)C(=O)C(C(=O)NC1=C(C=C(C=C1)Cl)Cl)OC2=CC=C(C=C2)C(=O)O,0,0,0,1,0,1,1,0,0,0,0,0,0,0,0,0,0,0,0,0,0,0,0,1,0,0,1,1,0,0
59487-23-9,NRB,COC1=C(C=C(C=C1)C(=O)NC2=CC=C(C=C2)C(=O)N)N=NC3=C(C(=CC4=CC=CC=C43)C(=O)NC5=CC(=C(C=C5OC)OC)Cl)O,0,0,0,1,0,1,1,0,0,0,0,0,0,0,0,0,0,0,0,0,0,0,0,0,0,0,1,0,0,0
59709-38-5,NRB,COC(=O)CCN(CCC(=O)OC)C1=CC=C(C=C1)N=NC2=C(C=C(C=C2Br)[N+](=O)[O-])Cl,0,0,0,1,0,1,0,1,1,0,0,0,0,0,0,0,0,0,0,0,1,0,0,1,0,0,1,1,1,0
63133-84-6,NRB,CC1CC(N(C2=C1C=C(C(=C2)C)N=NC3=C(C=C(C=C3Cl)[N+](=O)[O-])[N+](=O)[O-])CCO)(C)C,0,0,0,1,0,1,0,0,0,0,0,0,0,0,0,0,0,0,0,0,0,0,0,1,0,0,1,0,1,0
63281-10-7,NRB,CC1=C(C(=NC(=C1N=NC2=C(C=C(C=C2)S(=O)(=O)C)Cl)NCCCOCCOC3=CC=CC=C3)NCCCOCCOC4=CC=CC=C4)C#N,0,0,0,1,0,1,1,0,1,0,0,0,0,0,0,0,0,0,0,0,0,0,0,1,0,0,1,0,1,0
64111-81-5,NRB,C1=CC(=C(C=C1Cl)O)OC2=C(C=C(C=C2)Cl)Cl,0,0,0,1,0,1,0,0,0,0,0,0,0,0,0,0,0,0,0,0,0,0,0,0,0,0,1,0,0,0
68214-66-4,NRB,CCC(=O)OC1=C(C(=C(C(=C1Cl)Cl)C#N)Cl)Cl,0,0,0,1,1,1,0,1,0,0,0,0,0,0,0,0,0,0,0,0,0,0,0,1,0,0,1,1,0,0
68259-14-3,NRB,CNS(=O)(=O)C(C(C(C(C(C(C(F)(F)F)(F)F)(F)F)(F)F)(F)F)(F)F)(F)F,0,0,0,0,0,0,1,0,0,0,0,0,0,0,0,0,0,0,0,0,0,0,0,0,0,0,1,0,0,0
68259-15-4,NRB,CNS(=O)(=O)C(C(C(C(C(C(F)(F)F)(F)F)(F)F)(F)F)(F)F)(F)F,0,0,0,0,0,0,1,0,0,0,0,0,0,0,0,0,0,0,0,0,0,0,0,0,0,0,1,0,0,0
68298-13-5,NRB,CC(=C)C(=O)OCCN(C)S(=O)(=O)C(C(C(C(C(F)(F)F)(F)F)(F)F)(F)F)(F)F,0,0,0,0,0,0,0,1,1,0,0,0,0,0,0,0,0,0,0,0,0,0,0,1,0,0,1,1,1,0
68516-64-3,NRB,CC1=C(C=CC(=C1)N(CCC#N)CCOC(=O)C)N=NC2=C(C=C(C=C2)[N+](=O)[O-])Cl,0,0,0,1,0,1,0,1,1,0,0,0,0,0,0,0,0,0,0,0,0,0,0,1,0,0,1,1,1,0
68555-72-6,NRB,CCN(CCOC(=O)C(=C)C)S(=O)(=O)C(C(C(C(C(F)(F)F)(F)F)(F)F)(F)F)(F)F,0,0,0,0,0,0,0,1,1,0,0,0,0,0,0,0,0,0,0,0,0,0,0,1,0,0,1,1,1,0
68555-73-7,NRB,CCN(CCO)S(=O)(=O)C(C(C(C(C(C(C(F)(F)F)(F)F)(F)F)(F)F)(F)F)(F)F)(F)F,0,0,0,0,0,0,0,0,0,0,0,0,0,0,0,0,0,0,0,0,0,0,0,1,0,0,1,0,1,0
68877-63-4,NRB,CC(=O)NC1=CC(=C(C=C1N=NC2=C(C=C(C=C2Br)[N+](=O)[O-])[N+](=O)[O-])OC)N(CCC#N)CC=C,0,0,0,0,0,0,1,0,0,0,0,0,0,0,0,0,0,0,0,0,0,0,0,0,0,0,1,0,1,0
70660-55-8,NRB,COCCCNC1=CC=C(C2=CC=CC=C21)N=NC3=C(C=C(C=C3Br)[N+](=O)[O-])[N+](=O)[O-],0,0,0,0,0,0,1,0,0,0,0,0,0,0,0,0,0,0,0,0,0,0,0,1,0,0,1,0,1,0
72828-63-8,NRB,C1=CC(=CC=C1C=NOC(=O)N)Cl,0,0,0,1,0,1,1,1,0,0,0,0,0,0,0,0,0,0,0,0,0,0,0,0,0,0,1,1,0,0
72927-94-7,NRB,C1=CC(=CC=C1NC2=CC=C(C=C2)[N+](=O)[O-])N=NC3=C(C=C(C=C3Cl)[N+](=O)[O-])Cl,0,0,0,1,0,1,1,0,0,0,0,0,0,0,0,0,0,0,0,0,0,0,0,0,0,0,1,0,0,0
73003-64-2,NRB,CC1=C(C=CC(=C1)N(CCOC(=O)OC)CCOC(=O)OC)N=NC2=C(C=C(C=C2Cl)[N+](=O)[O-])Cl,0,0,0,1,0,1,0,1,1,0,0,0,0,0,0,0,0,0,0,0,1,0,0,1,0,0,1,1,1,0
73398-86-4,NRB,CCCC1=CC(=CC(=C1)Cl)C2=CC=NC=C2,0,0,0,1,0,1,1,0,0,0,0,0,0,0,0,0,0,0,0,0,0,0,0,0,0,0,1,0,0,0
73398-87-5,NRB,CCCC1=C(C=CC(=C1)C2=CC=NC=C2)Cl,0,0,0,1,0,1,1,0,0,0,0,0,0,0,0,0,0,0,0,0,0,0,0,0,0,0,1,0,0,0
73528-78-6,NRB,CC1=C(C(=NC(=C1N=NC2=CC(=C(C=C2OC)N=NC3=C(C=C(C=C3Cl)[N+](=O)[O-])Cl)OC)NCCOC)NCCOC)C#N,0,0,0,1,0,1,1,0,1,0,0,0,0,0,0,0,0,0,0,0,0,0,0,1,0,0,1,0,1,0
74336-60-0,NRB,CC1=C(C2=NC3=C(C=C(C=C3Cl)Cl)C(=O)N2N1)N=NC4=CC=CC5=C4C(=O)C6=CC=CC=C6C5=O,0,0,0,1,0,1,1,0,0,0,0,0,0,0,0,0,0,0,0,0,0,0,0,0,0,0,1,0,0,0
79542-46-4,NRB,CC(=O)NC1=CC(=C(C=C1N=NC2=C(C=C(C=C2)[N+](=O)[O-])Cl)Cl)NCC(COC3=CC=CC=C3)O,0,0,0,1,0,1,1,0,0,0,0,0,0,0,0,0,0,0,0,0,0,0,0,1,0,0,1,0,1,0
83249-47-2,NRB,CCCN(CCC)C1=CC(=C(C=C1)N=NC2=C(C=C(C=C2Br)[N+](=O)[O-])C#N)NC(=O)C,0,0,0,0,0,0,1,0,0,0,0,0,0,0,0,0,0,0,0,0,0,0,0,0,0,0,1,0,1,0
83249-49-4,NRB,CCN(CC)C1=CC(=C(C=C1)N=NC2=C(C=C(C=C2Br)C)C#N)C,0,0,0,0,0,0,0,0,0,0,0,0,0,0,0,0,0,0,0,0,0,0,0,0,0,0,1,0,1,0
83249-53-0,NRB,CCN(CC)C1=CC(=C(C=C1)N=NC2=C(C=C(C=C2Br)C)C#N)NS(=O)(=O)C,0,0,0,0,0,0,1,0,0,0,0,0,0,0,0,0,0,0,0,0,0,0,0,0,0,0,1,0,1,0
83249-54-1,NRB,CCCN(CCC)C1=CC(=C(C=C1)N=NC2=C(C=C(C=C2Br)C)C#N)NS(=O)(=O)C,0,0,0,0,0,0,1,0,0,0,0,0,0,0,0,0,0,0,0,0,0,0,0,0,0,0,1,0,1,0
85702-64-3,NRB,C1=C(C=C(C2=C1C(=C(N2)C3=NC4=C(C3=O)C=C(C=C4Br)Br)O)Cl)Br,0,0,0,1,0,1,1,0,0,0,0,0,0,0,0,0,0,0,0,0,0,0,0,0,0,0,1,0,0,0
90729-40-1,NRB,CCCCN1C(=C(C(=C(C1=O)N=NC2=C(C=C(C=C2)C(=O)C3=CC=C(C=C3)Cl)[N+](=O)[O-])C)C#N)O,0,0,0,1,1,1,0,0,0,0,0,0,0,0,0,0,0,0,0,0,0,0,0,0,0,0,1,0,1,0
101200-53-7,NRB,C1=CC=NC(=C1)CCCC2=CC(=CC=C2)Cl,0,0,0,1,0,1,1,0,0,0,0,0,0,0,0,0,0,0,0,0,0,0,0,0,0,0,1,0,0,0
1983/10/4,NRB,CCCC[Sn](CCCC)(CCCC)F,0,0,0,0,0,1,0,0,0,0,0,0,0,0,0,0,0,0,0,0,0,0,0,0,0,0,1,0,1,0
1461-22-9,NRB,CCCC[Sn](CCCC)(CCCC)Cl,0,0,0,0,0,1,0,0,0,0,0,0,0,0,0,0,0,0,0,0,0,0,0,0,0,0,1,0,1,0
379-52-2,NRB,C1=CC=C(C=C1)[Sn](C2=CC=CC=C2)(C3=CC=CC=C3)F,0,0,0,0,0,0,0,0,0,0,0,0,0,0,0,0,0,0,0,0,0,0,0,0,0,0,1,0,0,0
61788-76-9,NRB,CCCC(CCC(CC(C(CCC(CCC(C(CC(C)Cl)Cl)Cl)Cl)Cl)Cl)Cl)Cl,0,0,0,0,0,0,0,0,0,0,0,0,0,0,0,0,0,0,0,0,0,0,0,0,0,0,1,0,0,1
63449-39-8,NRB,CCC(CCC(C(CC(C(C(CCl)Cl)Cl)Cl)Cl)Cl)Cl,0,0,0,0,0,0,0,0,0,0,0,0,0,0,0,0,0,0,0,1,0,0,0,0,0,0,1,0,1,1
112-52-7,RB,CCCCCCCCCCCCCl,0,0,0,0,0,0,0,0,0,0,0,0,1,1,1,1,0,0,0,1,0,0,0,0,0,0,0,0,1,1
109-69-3,NRB,CCCCCl,0,0,0,0,0,0,0,0,0,0,0,0,0,0,0,0,0,0,0,1,0,0,0,0,0,0,0,0,1,1
79-34-5,NRB,C(C(Cl)Cl)(Cl)Cl,0,0,0,0,0,0,0,0,0,0,0,0,0,0,0,0,0,0,0,0,0,0,0,0,0,0,1,0,0,1
1998/7/7,RB,C1=CC=C(C=C1)C(Cl)(Cl)Cl,0,0,0,0,0,0,0,1,0,0,0,0,0,0,0,0,0,0,0,0,0,0,0,0,0,0,1,0,0,0
15104-61-7,NRB,C(C(Cl)Cl)(C(Cl)Cl)Cl,0,0,0,0,0,0,0,0,0,0,0,0,0,0,0,0,0,0,0,0,0,0,0,0,0,0,1,0,0,1
98-66-8,RB,C1=CC(=CC=C1S(=O)(=O)O)Cl,0,0,0,1,0,1,0,0,0,0,0,0,0,0,0,0,0,0,0,0,0,1,1,0,0,0,1,0,0,0
98-59-9,RB,CC1=CC=C(C=C1)S(=O)(=O)Cl,1,1,0,0,0,0,0,0,0,1,0,0,0,0,0,0,0,0,0,0,0,1,0,0,0,0,1,0,0,0
123251-96-7,NRB,C1=C(C=C(C(=C1S(=O)(=O)O)N)Cl)C2=CC(=C(C(=C2)Cl)N)S(=O)(=O)O,0,0,0,1,0,1,1,0,0,0,0,0,0,0,0,0,0,0,0,0,0,0,0,0,0,0,1,0,0,0
1939-99-7,RB,C1=CC=C(C=C1)CS(=O)(=O)Cl,1,1,0,0,1,0,0,0,0,1,0,0,0,0,0,0,0,1,0,0,0,0,0,0,0,0,1,0,1,0
110-52-1,NRB,C(CCBr)CBr,0,0,0,0,0,0,0,0,0,0,0,0,0,0,0,0,0,0,0,0,0,0,0,0,0,0,0,0,1,0
1996/12/8,NRB,C(C(CBr)Br)Cl,0,0,0,0,0,0,0,0,0,0,0,0,0,0,0,0,0,0,0,1,0,0,0,0,0,0,1,0,1,1
18708-70-8,NRB,C1=C(C=C(C(=C1Cl)[N+](=O)[O-])Cl)Cl,0,0,0,1,0,1,0,0,0,0,0,0,0,0,0,0,0,0,0,0,0,0,0,0,0,0,1,0,0,0
82-68-8,NRB,C1(=C(C(=C(C(=C1Cl)Cl)Cl)Cl)Cl)[N+](=O)[O-],0,0,0,1,0,1,0,0,0,0,0,0,0,0,0,0,0,0,0,0,0,0,0,0,0,0,1,0,0,0
100-00-5,NRB,C1=CC(=CC=C1[N+](=O)[O-])Cl,0,0,0,1,0,1,0,0,0,0,0,0,0,0,0,0,0,0,0,0,0,0,0,0,0,0,1,0,0,0
121-73-3,NRB,C1=CC(=CC(=C1)Cl)[N+](=O)[O-],0,0,0,1,0,1,0,0,0,0,0,0,0,0,0,0,0,0,0,0,0,0,0,0,0,0,1,0,0,0
7149-75-9,NRB,CC1=C(C=CC(=C1)N)Cl,0,0,0,1,0,1,1,0,0,0,0,0,0,0,0,0,0,0,0,0,0,0,0,0,0,0,1,0,0,0
63133-82-4,NRB,CC1=CC(=C(C(=C1)Cl)N)C,0,0,0,1,0,1,1,0,0,0,0,0,0,0,0,0,0,0,0,0,0,0,0,0,0,0,1,0,0,0
133-06-2,NRB,C1C=CCC2C1C(=O)N(C2=O)SC(Cl)(Cl)Cl,0,0,0,0,0,0,0,0,0,0,0,0,0,0,0,0,0,0,0,0,0,0,0,0,0,0,1,0,0,0
87-90-1,NRB,C1(=O)N(C(=O)N(C(=O)N1Cl)Cl)Cl,0,0,0,0,0,0,0,0,0,0,0,0,0,0,0,0,0,0,0,0,0,0,0,0,0,0,1,0,0,0
96-23-1,RB,C(C(CCl)O)Cl,0,0,0,0,0,0,0,0,0,0,0,1,0,0,0,0,0,0,0,1,0,0,0,1,0,1,0,0,1,1
4162-45-2,NRB,CC(C)(C1=CC(=C(C(=C1)Br)OCCO)Br)C2=CC(=C(C(=C2)Br)OCCO)Br,0,0,0,1,0,1,0,0,0,0,0,0,0,0,0,0,0,0,0,0,0,0,0,1,0,0,1,0,1,0
31732-71-5,NRB,CCCC[Sn](CCCC)(CCCC)OC(=O)[C@@H]([C@@H](C(=O)O[Sn](CCCC)(CCCC)CCCC)Br)Br,0,0,0,1,0,1,0,0,0,0,0,0,0,0,0,0,0,0,0,0,0,0,0,1,0,0,1,1,1,0
52186-00-2,NRB,CC(CCl)OP(=O)(OCCOCCOP(=O)(OC(C)CCl)OC(C)CCl)OC(C)CCl,0,0,0,1,0,1,1,0,0,0,0,0,0,0,0,0,0,0,0,1,0,0,0,1,0,1,0,0,1,1
920-66-1,NRB,C(C(F)(F)F)(C(F)(F)F)O,0,0,0,0,0,0,0,0,0,0,0,0,0,0,0,0,0,0,0,0,0,0,0,1,0,0,1,0,0,0
1623-05-8,NRB,C(=C(F)F)(OC(C(C(F)(F)F)(F)F)(F)F)F,0,1,0,0,0,0,0,0,0,0,0,0,0,0,0,0,0,0,0,0,0,0,0,1,0,0,1,0,0,0
74-87-3,NRB,CCl,0,0,0,0,0,0,0,0,0,0,0,0,0,0,0,0,0,0,0,0,0,0,0,0,0,0,0,0,0,0
74-83-9,NRB,CBr,0,0,0,0,0,0,0,0,0,0,0,0,0,0,0,0,0,0,0,0,0,0,0,0,0,0,0,0,0,0
540-59-0,NRB,C(=CCl)Cl,0,0,0,0,0,0,0,0,0,0,0,0,0,0,0,0,0,0,0,0,0,0,0,0,0,0,0,0,0,1
104-83-6,NRB,C1=CC(=CC=C1CCl)Cl,0,0,0,1,0,1,0,1,0,0,0,0,0,0,0,0,0,0,0,1,0,0,0,0,0,0,1,0,1,1
108-70-3,NRB,C1=C(C=C(C=C1Cl)Cl)Cl,0,0,0,1,0,1,0,0,0,0,0,0,0,0,0,0,0,0,0,0,0,0,0,0,0,0,1,0,0,0
108-90-7,NRB,C1=CC=C(C=C1)Cl,0,0,0,1,0,1,0,0,0,0,0,0,0,0,0,0,0,0,0,0,0,0,0,0,0,0,1,0,0,0
120-82-1,NRB,C1=CC(=C(C=C1Cl)Cl)Cl,0,0,0,1,0,1,0,0,0,0,0,0,0,0,0,0,0,0,0,0,0,0,0,0,0,0,1,0,0,0
83-38-5,NRB,C1=CC(=C(C(=C1)Cl)C=O)Cl,0,0,0,1,0,1,0,0,0,0,0,0,0,0,0,0,0,0,0,0,0,0,0,0,0,0,1,0,0,0
16063-70-0,NRB,C1=CC(=NC(=C1Cl)Cl)Cl,0,0,0,1,0,1,0,0,0,0,0,0,0,0,0,0,0,0,0,0,0,0,0,0,0,0,1,0,0,0
2142-68-9,NRB,C1=CC=C(C=C1)C(=O)CCl,0,0,0,0,0,0,1,0,0,0,0,0,0,0,0,0,0,0,0,1,0,0,0,0,0,0,0,0,1,1
102-36-3,NRB,C1=CC(=C(C=C1N=C=O)Cl)Cl,0,0,0,1,0,1,0,0,0,0,0,0,0,0,0,0,0,0,0,0,0,0,0,0,0,0,1,0,0,0
75-00-3,NRB,CCCl,0,0,0,0,0,0,0,0,0,0,0,0,0,0,0,0,0,0,0,1,0,0,0,0,0,0,0,0,1,1
79-00-5,NRB,C(C(Cl)Cl)Cl,0,0,0,0,0,0,0,0,0,0,0,0,0,0,0,0,0,0,0,1,0,0,0,0,0,0,1,0,1,1
563-47-3,RB,CC(=C)CCl,0,0,0,0,0,0,0,0,0,0,0,0,0,0,0,0,1,0,0,1,0,0,0,0,0,0,0,0,1,1
1777-82-8,RB,C1=CC(=C(C=C1Cl)Cl)CO,0,0,0,1,0,1,0,0,0,0,0,0,0,0,0,0,0,0,1,0,0,0,0,0,0,0,1,0,1,0
36483-60-0,NRB,C1=C(C=C(C(=C1Br)OC2=C(C=C(C=C2Br)Br)Br)Br)Br,0,0,0,0,0,0,0,0,0,0,0,0,0,0,0,0,0,0,0,0,0,0,0,0,0,0,1,0,0,0
5306-98-9,NRB,CC1=C(C=C(C=C1)Cl)O,0,0,0,1,0,1,0,0,0,0,0,0,0,0,0,0,0,0,0,0,0,0,0,0,0,0,1,0,0,0
615-62-3,NRB,CC1=C(C=C(C=C1)O)Cl,0,0,0,1,0,1,0,0,0,0,0,0,0,0,0,0,0,0,0,0,0,0,0,0,0,0,1,0,0,0
92296-04-3,NRB,Cc1c(NC(=O)C(C)Br)c(=O)n(c2ccccc2)n1C,0,0,0,0,0,1,1,0,0,0,1,0,0,0,0,0,0,0,0,0,0,0,0,0,0,0,1,0,0,0
133-14-2,NRB,C1=CC(=C(C=C1Cl)Cl)C(=O)OOC(=O)C2=C(C=C(C=C2)Cl)Cl,0,0,0,1,0,1,0,0,0,0,0,0,0,0,0,0,0,0,0,0,0,0,0,0,0,0,1,1,0,0
1073-67-2,NRB,C=CC1=CC=C(C=C1)Cl,0,0,0,1,0,1,0,0,0,0,0,0,0,0,0,0,0,0,0,0,0,0,0,0,0,0,1,0,0,0
2039-85-2,NRB,C=CC1=CC(=CC=C1)Cl,0,0,0,1,0,1,0,0,0,0,0,0,0,0,0,0,0,0,0,0,0,0,0,0,0,0,1,0,0,0
2039-87-4,NRB,C=CC1=CC=CC=C1Cl,0,0,0,1,0,1,0,0,0,0,0,0,0,0,0,0,0,0,0,0,0,0,0,0,0,0,1,0,0,0
108-86-1,NRB,C1CCC(CC1)Br,0,0,0,0,0,0,0,0,0,0,0,0,0,0,0,0,0,0,0,0,0,0,0,0,0,0,1,0,0,0
87-82-1,NRB,C1(=C(C(=C(C(=C1Br)Br)Br)Br)Br)Br,0,0,0,0,0,0,0,0,0,0,0,0,0,0,0,0,0,0,0,0,0,0,0,0,0,0,1,0,0,0
17639-93-9,RB,COC(=O)CCCl,0,0,0,0,0,0,0,1,1,0,0,0,0,0,0,0,0,0,0,1,1,0,0,1,0,0,0,1,1,1
96-34-4,NRB,COC(=O)CCl,0,0,0,0,0,0,0,1,1,0,0,0,0,0,0,0,0,0,0,1,1,0,0,1,0,1,0,1,1,1
2549-51-1,RB,C=COC(=O)CCl,0,0,0,0,0,0,0,1,1,0,0,0,0,0,0,0,0,0,0,1,0,0,0,1,0,1,0,1,1,1
1998/8/8,NRB,C1=CC=C(C=C1)C(F)(F)F,0,0,0,0,0,0,0,0,0,0,0,0,0,0,0,0,0,0,0,0,0,0,0,0,0,0,1,0,0,0
117-80-6,NRB,C1=CC=C2C(=C1)C(=O)C(=C(C2=O)Cl)Cl,0,0,0,0,0,0,0,0,0,0,0,0,0,0,0,0,0,0,0,0,0,0,0,0,0,0,1,0,0,0
30171-80-3,NRB,C1C(O1)COC2=CC=CC=C2C(Br)Br,0,0,0,0,0,0,0,0,1,0,0,0,0,0,0,0,0,0,0,0,0,0,0,1,0,0,1,0,1,0
535-80-8,RB,C1=CC(=CC(=C1)Cl)C(=O)O,0,0,0,1,0,1,0,0,0,0,0,0,0,0,0,0,0,0,0,0,0,0,0,0,0,0,1,1,0,0
88-67-5,NRB,C1=CC=C(C(=C1)C(=O)O)I,0,0,0,0,0,1,0,0,0,0,0,0,0,0,0,0,0,0,0,0,0,0,0,0,0,0,1,1,0,0
2840-28-0,NRB,C1=CC(=C(C=C1C(=O)O)N)Cl,0,0,0,1,0,1,1,0,0,0,0,0,0,0,0,0,0,0,0,0,0,0,0,0,0,0,1,1,0,0
107-07-3,RB,C(CCl)O,0,0,0,0,0,0,0,0,0,0,0,0,0,0,0,0,0,0,0,1,0,0,0,1,0,1,0,0,1,1
120-32-1,RB,C1=CC=C(C=C1)CC2=C(C=CC(=C2)Cl)O,0,0,0,1,0,1,0,0,0,0,0,0,0,0,0,0,0,1,0,0,0,0,0,0,0,0,1,0,0,0
124-48-1,NRB,C(Cl)(Br)Br,0,0,0,0,0,0,0,0,0,0,0,0,0,0,0,0,0,0,0,0,0,0,0,0,0,0,1,0,0,0
133-90-4,NRB,C1=C(C=C(C(=C1C(=O)O)Cl)N)Cl,0,0,0,1,0,1,1,0,0,0,0,0,0,0,0,0,0,0,0,0,0,0,0,0,0,0,1,1,0,0
139-40-2,NRB,CC(C)NC1=NC(=NC(=N1)Cl)NC(C)C,0,0,0,0,0,0,1,0,0,0,0,0,0,0,0,0,0,0,0,0,0,0,0,0,0,0,1,0,0,0
15545-48-9,NRB,C1=CC=C(C(=C1)C=O)Cl,0,0,0,1,0,1,0,0,0,0,0,0,0,0,0,0,0,0,0,0,0,0,0,0,0,0,1,0,0,0
1689-84-5,RB,C1=C(C=C(C(=C1Br)O)Br)C#N,0,0,0,0,1,0,0,0,0,0,0,0,0,0,0,0,0,0,0,0,0,0,0,0,0,0,1,0,0,0
1689-99-2,RB,CCCCCCCC(=O)OC1=C(C=C(C=C1Br)C#N)Br,0,0,0,0,1,0,0,1,0,0,0,0,1,0,1,1,0,0,0,0,0,0,0,1,0,0,1,1,0,0
1746-01-6,NRB,C1=C2C(=CC(=C1Cl)Cl)OC3=CC(=C(C=C3O2)Cl)Cl,0,0,0,1,0,1,0,0,0,0,0,0,0,0,0,0,0,0,0,0,0,0,0,0,0,0,1,0,0,0
1982-47-4,NRB,CN(C)C(=O)NC1=CC=C(C=C1)OC2=CC=C(C=C2)Cl,0,0,0,1,0,1,1,0,0,0,0,0,0,0,0,0,0,0,0,0,0,0,0,0,0,0,1,0,0,0
2008-58-4,NRB,C1=CC(=C(C(=C1)Cl)C(=O)N)Cl,0,0,0,1,0,1,1,0,0,0,0,0,0,0,0,0,0,0,0,0,0,0,0,0,0,0,1,0,0,0
2051-62-9,RB,C1CCN(C1)CCOC2=CC=C(C=C2)C3=C(C4=C(S3)C=C(C=C4)O)CC5=CC(=C(C=C5)CN6CCCC6)Br,0,0,1,1,1,1,0,1,0,0,0,0,0,0,0,0,0,0,0,0,0,0,0,1,0,0,1,0,1,0
35693-99-3,NRB,C1=CC(=C(C=C1Cl)C2=C(C=CC(=C2)Cl)Cl)Cl,0,0,0,1,0,1,0,0,0,0,0,0,0,0,0,0,0,0,0,0,0,0,0,0,0,0,1,0,0,0
36355-01-8,NRB,C1=C(C=C(C(=C1Br)C2=C(C=C(C=C2Br)Br)Br)Br)Br,0,0,0,0,0,0,0,0,0,0,0,0,0,0,0,0,0,0,0,0,0,0,0,0,0,0,1,0,0,0
367-12-4,NRB,C1=CC=C(C(=C1)O)F,0,0,0,0,0,0,0,0,0,0,0,0,0,0,0,0,0,0,0,0,0,0,0,0,0,0,1,0,0,0
4684-94-0,NRB,C1=CC(=NC(=C1)Cl)C(=O)O,0,0,0,1,0,1,0,0,0,0,0,0,0,0,0,0,0,0,0,0,0,0,0,0,0,0,1,1,0,0
50-30-6,NRB,C1=CC(=C(C(=C1)Cl)C(=O)O)Cl,0,0,0,1,0,1,0,0,0,0,0,0,0,0,0,0,0,0,0,0,0,0,0,0,0,0,1,1,0,0
50-79-3,NRB,C1=CC(=C(C=C1Cl)C(=O)O)Cl,0,0,0,1,0,1,0,0,0,0,0,0,0,0,0,0,0,0,0,0,0,0,0,0,0,0,1,1,0,0
51338-27-3,RB,CC(C(=O)OC)OC1=CC=C(C=C1)OC2=C(C=C(C=C2)Cl)Cl,0,0,0,1,0,1,0,1,1,0,1,0,0,0,0,0,0,0,0,0,1,0,0,1,1,0,1,1,0,0
527-20-8,NRB,C1(=C(C(=C(C(=C1Cl)Cl)Cl)Cl)Cl)N,0,0,0,1,0,1,1,0,0,0,0,0,0,0,0,0,0,0,0,0,0,0,0,0,0,0,1,0,0,0
533-58-4,NRB,C1=CC=C(C(=C1)O)I,0,0,0,0,0,0,0,0,0,0,0,0,0,0,0,0,0,0,0,0,0,0,0,0,0,0,1,0,0,0
540-38-5,NRB,C1=CC(=CC=C1O)I,0,0,0,0,0,0,0,0,0,0,0,0,0,0,0,0,0,0,0,0,0,0,0,0,0,0,1,0,0,0
540-49-8,NRB,C(=CBr)Br,0,0,0,0,0,0,0,0,0,0,0,0,0,0,0,0,0,0,0,0,0,0,0,0,0,0,0,0,0,0
555-37-3,NRB,CCCCN(C)C(=O)NC1=CC(=C(C=C1)Cl)Cl,0,0,0,1,0,1,1,0,0,0,0,0,0,0,0,0,0,0,0,0,0,0,0,0,0,0,1,0,1,0
57057-83-7,NRB,COC1=CC(=C(C(=C1O)Cl)Cl)Cl,0,0,0,1,0,1,0,0,0,0,0,0,0,0,0,0,0,0,0,0,0,0,0,0,0,0,1,0,0,0
59756-60-4,NRB,CN1C=C(C(=O)C(=C1)C2=CC(=CC=C2)C(F)(F)F)C3=CC=CC=C3,0,0,0,1,0,0,0,1,0,0,0,0,0,0,0,0,0,0,0,0,0,0,0,0,0,0,1,0,0,0
626-43-7,NRB,C1=C(C=C(C=C1Cl)Cl)N,0,0,0,1,0,1,1,0,0,0,0,0,0,0,0,0,0,0,0,0,0,0,0,0,0,0,1,0,0,0
75-27-4,NRB,C(Cl)(Cl)Br,0,0,0,0,0,0,0,0,0,0,0,0,0,0,0,0,0,0,0,0,0,0,0,0,0,0,1,0,0,0
75-34-3,NRB,CC(Cl)Cl,0,0,0,0,0,0,0,0,0,0,0,0,0,0,0,0,0,0,0,0,0,0,0,0,0,0,1,0,0,1
99-30-9,NRB,C1=C(C=C(C(=C1Cl)N)Cl)[N+](=O)[O-],0,0,0,1,0,1,1,0,0,0,0,0,0,0,0,0,0,0,0,0,0,0,0,0,0,0,1,0,0,0
1004-03-1,NRB,C1=C(C(=O)NC(=O)N1)F,0,0,0,1,0,0,1,0,0,0,0,0,0,0,0,0,0,0,0,0,0,0,0,0,0,0,1,0,0,0
85721-33-1,NRB,C1CC1N2C=C(C(=O)C3=CC(=C(C=C32)N4CCNCC4)F)C(=O)O,0,0,0,1,0,1,1,0,0,0,0,0,0,0,0,0,0,0,0,0,0,0,0,1,0,0,1,1,1,0
637-07-0,NRB,CCOC(=O)C(C)(C)OC1=CC=C(C=C1)Cl,0,0,0,1,0,1,0,1,1,0,0,0,0,0,0,0,0,0,0,0,0,0,0,1,1,0,1,1,1,0
882-09-7,NRB,CC(C)(C(=O)O)OC1=CC=C(C=C1)Cl,0,0,0,1,0,1,0,0,0,0,0,0,0,0,0,0,0,0,0,0,0,0,0,1,0,0,1,1,0,0
50-18-0,NRB,C1CNP(=O)(OC1)N(CCCl)CCCl,0,0,0,1,0,1,1,0,0,0,0,0,0,0,0,0,0,0,0,1,0,0,0,1,0,0,0,0,1,1
36341-88-5,NRB,C1CN(P(=O)(OC1)NCCCl)CCCl,0,0,0,1,0,1,1,0,0,0,0,0,0,0,0,0,0,0,0,1,0,0,0,1,0,0,0,0,1,1
66108-95-0,NRB,CC(=O)N(CC(CO)O)C1=C(C(=C(C(=C1I)C(=O)NCC(CO)O)I)C(=O)NCC(CO)O)I,0,0,0,0,1,0,1,0,0,0,0,0,0,0,0,0,0,0,0,0,0,0,0,1,0,0,1,0,1,0
73334-07-3,NRB,CN(CC(CO)O)C(=O)C1=C(C(=C(C(=C1I)C(=O)NCC(CO)O)I)NC(=O)COC)I,0,0,0,0,1,0,1,0,0,0,0,0,0,0,0,0,0,0,0,0,0,0,0,1,0,0,1,0,1,0
79770-24-4,NRB,CN(C1=C(C(=C(C(=C1I)C(=O)NC(CO)C(CO)O)I)C(=O)NC(CO)C(CO)O)I)C(=O)CC(=O)N(C)C2=C(C(=C(C(=C2I)C(=O)NC(CO)C(CO)O)I)C(=O)NC(CO)C(CO)O)I,0,0,0,0,1,0,1,0,0,0,0,0,0,0,0,0,0,0,0,0,0,0,0,1,0,0,1,0,1,0
82419-36-1,NRB,CC1COC2=C3N1C=C(C(=O)C3=CC(=C2N4CCN(CC4)C)F)C(=O)O,0,0,0,1,0,1,1,0,0,0,0,0,0,0,0,0,0,0,0,0,0,0,0,1,0,0,1,1,1,0
89987-06-4,NRB,C1=CC(=CC=C1SC(P(=O)(O)O)P(=O)(O)O)Cl,0,0,0,1,1,1,1,1,0,0,0,0,0,0,0,0,0,0,0,0,0,0,0,0,0,0,1,0,0,0
1252756,NRB,C1=C(C=C(C(=C1Cl)NN)Cl)Cl,0,0,0,1,0,1,1,0,0,0,0,0,0,0,0,0,0,0,0,0,0,0,0,0,0,0,1,0,0,0
111-85-3,RB,CCCCCCCCCl,0,0,0,0,0,0,0,0,0,0,0,0,1,1,1,1,0,0,0,1,0,0,0,0,0,0,0,0,1,1
112-82-3,RB,CCCCCCCCCCCCCCCCBr,0,0,0,0,0,0,0,0,0,0,0,0,1,1,1,1,0,0,0,0,0,0,0,0,0,0,0,0,1,0
3634-67-1,NRB,CCCCCC[Si](CCCCCC)(CCCCCC)Cl,0,0,0,0,1,0,0,0,0,0,0,0,0,0,1,1,0,0,0,0,0,0,0,0,0,0,1,0,1,0
90-13-1,NRB,C1=CC=C2C(=C1)C=CC=C2Cl,0,0,0,1,0,1,0,0,0,0,0,0,0,0,0,0,0,0,0,0,0,0,0,0,0,0,1,0,0,0
20020-02-4,NRB,C1=CC=C2C(=C1)C(=C(C(=C2Cl)Cl)Cl)Cl,0,0,0,1,0,1,0,0,0,0,0,0,0,0,0,0,0,0,0,0,0,0,0,0,0,0,1,0,0,0
92-86-4,NRB,C1=CC(=CC=C1C2=CC=C(C=C2)Br)Br,0,0,0,0,0,0,0,0,0,0,0,0,0,0,0,0,0,0,0,0,0,0,0,0,0,0,1,0,0,0
92-66-0,RB,C1=CC=C(C=C1)C2=CC=C(C=C2)Br,0,0,0,0,0,0,0,0,0,0,0,0,0,0,0,0,0,0,0,0,0,0,0,0,0,0,1,0,0,0
76-83-5,NRB,C1=CC=C(C=C1)C(C2=CC=CC=C2)(C3=CC=CC=C3)Cl,0,0,0,1,0,0,0,1,0,0,0,0,0,0,0,0,0,0,0,0,0,0,0,0,0,0,1,0,0,0
13654-09-6,NRB,C1(=C(C(=C(C(=C1Br)Br)Br)Br)Br)C2=C(C(=C(C(=C2Br)Br)Br)Br)Br,0,0,0,0,0,0,0,0,0,0,0,0,0,0,0,0,0,0,0,0,0,0,0,0,0,0,1,0,0,0
67-72-1,NRB,C(C(Cl)(Cl)Cl)(Cl)(Cl)Cl,0,0,0,0,0,0,0,0,0,0,0,0,0,0,0,0,0,0,0,0,0,0,0,0,0,0,1,0,0,0
306-83-2,NRB,C(C(F)(F)F)(Cl)Cl,0,0,0,0,0,0,0,0,0,0,0,0,0,0,0,0,0,0,0,0,0,0,0,0,0,0,1,0,0,1
76-12-0,NRB,C(C(F)(Cl)Cl)(F)(Cl)Cl,0,0,0,0,0,0,0,0,0,0,0,0,0,0,0,0,0,0,0,0,0,0,0,0,0,0,1,0,0,0
76-13-1,NRB,C(C(F)(Cl)Cl)(F)(F)Cl,0,0,0,0,0,0,0,0,0,0,0,0,0,0,0,0,0,0,0,0,0,0,0,0,0,0,1,0,0,0
75-87-6,NRB,C(=O)C(Cl)(Cl)Cl,0,0,0,0,0,0,0,0,0,0,0,0,0,0,0,0,0,0,0,0,0,0,0,0,0,0,1,0,0,0
124-73-2,NRB,C(C(F)(F)Br)(F)(F)Br,0,0,0,0,0,0,0,0,0,0,0,0,0,0,0,0,0,0,0,0,0,0,0,0,0,0,1,0,0,0
13116-53-5,NRB,C(C(CCl)(Cl)Cl)Cl,0,0,0,0,0,0,0,0,0,0,0,0,0,0,0,0,0,0,0,1,0,0,0,0,0,0,1,0,1,1
3618-60-8,NRB,C1=CC2=C(C=CC(=C2O)N=NC3=C(C(=CC(=C3)Cl)S(=O)(=O)[O-])O)C(=C1)O.[Na+],0,0,0,1,0,1,1,0,0,0,0,0,0,0,0,0,0,0,0,0,0,0,0,0,0,0,1,0,0,0
116-81-4,NRB,C1=CC=C2C(=C1)C(=O)C3=C(C=C(C(=C3C2=O)N)S(=O)(=O)O)Br,0,0,0,1,0,0,1,0,0,0,0,0,0,0,0,0,0,0,0,0,0,0,0,0,0,0,1,0,0,0
88-53-9,NRB,CC1=CC(=C(C=C1Cl)S(=O)(=O)O)N,0,0,0,1,0,1,1,0,0,0,0,0,0,0,0,0,0,0,0,0,0,0,0,0,0,0,1,0,0,0
6627-59-4,NRB,CC1=CC(=C(C=C1Cl)N)S(=O)(=O)O,0,0,0,1,0,1,1,0,0,0,0,0,0,0,0,0,0,0,0,0,0,0,0,0,0,0,1,0,0,0
24019-05-4,NRB,C1=CC(=C(C=C1NC(=O)NC2=C(C=CC(=C2)Cl)OC3=C(C=C(C=C3)Cl)S(=O)(=O)O)Cl)Cl,0,0,0,1,1,1,1,0,0,0,0,0,0,0,0,0,0,0,0,0,0,0,0,0,0,0,1,0,0,0
946-30-5,NRB,C1=CC(=C(C=C1[N+](=O)[O-])S(=O)(=O)[O-])Cl.[Na+],0,0,0,1,0,1,0,0,0,0,0,0,0,0,0,0,0,0,0,0,0,0,0,0,0,0,1,0,0,0
29411,NRB,C1=CC(=CC=C1S(=O)(=O)C2=CC=C(C=C2)Cl)Cl,0,0,0,1,0,1,1,0,0,0,0,0,0,0,0,0,0,0,0,0,0,1,0,0,0,0,1,0,0,0
62717-50-4,NRB,C1C(O1)C2=CC=CC=C2Cl,0,0,0,1,0,1,1,0,0,0,0,0,0,0,0,0,0,0,0,0,0,0,0,1,0,0,1,0,1,0
106-89-8,NRB,C1C(O1)CCl,0,0,0,0,0,0,0,0,0,0,0,0,0,0,0,0,0,0,0,1,0,0,0,1,0,1,0,0,1,1
106-93-4,NRB,C(Br)Br,0,0,0,0,0,0,0,0,0,0,0,0,0,0,0,0,0,0,0,0,0,0,0,0,0,0,0,0,1,0
109-64-8,NRB,C(CBr)CBr,0,0,0,0,0,0,0,0,0,0,0,0,0,0,0,0,0,0,0,0,0,0,0,0,0,0,0,0,1,0
109-70-6,NRB,C(CCl)CBr,0,0,0,0,0,0,0,0,0,0,0,0,0,0,0,0,0,0,0,1,0,0,0,0,0,0,0,0,1,1
107-06-2,NRB,C(CCl)Cl,0,0,0,0,0,0,0,0,0,0,0,0,0,0,0,0,0,0,0,1,0,0,0,0,0,0,0,0,1,1
3229-00-3,NRB,C(C(CBr)(CBr)CBr)Br,0,0,0,0,0,0,0,0,0,0,0,0,0,0,0,0,0,0,0,0,0,0,0,0,0,0,0,0,1,0
74-97-5,NRB,C(Cl)Br,0,0,0,0,0,0,0,0,0,0,0,0,0,0,0,0,0,0,0,1,0,0,0,0,0,0,0,0,1,0
27639,NRB,C(Cl)Cl,0,0,0,0,0,0,0,0,0,0,0,0,0,0,0,0,0,0,0,1,0,0,0,0,0,0,0,0,1,0
74-96-4,NRB,CCBr,0,0,0,0,0,0,0,0,0,0,0,0,0,0,0,0,0,0,0,0,0,0,0,0,0,0,0,0,1,0
2162-99-4,NRB,C(CCCCCl)CCCCl,0,0,0,0,0,0,0,0,0,0,0,0,1,0,0,0,0,0,0,1,0,0,0,0,0,0,0,0,1,1
622-24-2,NRB,CCC1=CC=CC=C1Cl,0,0,0,1,0,1,1,0,0,0,0,0,0,0,0,0,0,0,0,0,0,0,0,0,0,0,1,0,0,0
71767-67-4,NRB,C1=CC(=CC=C1N=NC2=C(C=C(C=C2Cl)[N+](=O)[O-])Cl)N(CCC#N)CCC#N,0,0,0,1,0,1,0,0,0,0,0,0,0,0,0,0,0,0,0,0,0,0,0,0,0,0,1,0,1,0
61968-52-3,NRB,CC(=O)NC1=C(C=CC(=C1)N(CCOC(=O)C)CCOC(=O)C)N=NC2=C(C=C(C=C2)[N+](=O)[O-])Cl,0,0,0,1,0,1,1,1,1,0,0,0,0,0,0,0,0,0,0,0,0,0,0,1,0,0,1,1,1,0
97-00-7,NRB,C1=CC(=C(C=C1[N+](=O)[O-])[N+](=O)[O-])Cl,0,0,0,1,0,1,0,0,0,0,0,0,0,0,0,0,0,0,0,0,0,0,0,0,0,0,1,0,0,0
26850-12-4,NRB,CCC(=O)NC1=C(C=CC(=C1)N(CCOC(=O)C)CCOC(=O)C)N=NC2=C(C=C(C=C2)[N+](=O)[O-])Cl,0,0,0,1,0,1,1,1,1,0,0,0,0,0,0,0,0,0,0,0,0,0,0,1,0,0,1,1,1,0
3209-22-1,NRB,C1=CC(=C(C(=C1)Cl)Cl)[N+](=O)[O-],0,0,0,1,0,1,0,0,0,0,0,0,0,0,0,0,0,0,0,0,0,0,0,0,0,0,1,0,0,0
88-73-3,NRB,C1=CC=C(C(=C1)[N+](=O)[O-])Cl,0,0,0,1,0,1,0,0,0,0,0,0,0,0,0,0,0,0,0,0,0,0,0,0,0,0,1,0,0,0
99-54-7,NRB,C1=CC(=C(C=C1[N+](=O)[O-])Cl)Cl,0,0,0,1,0,1,0,0,0,0,0,0,0,0,0,0,0,0,0,0,0,0,0,0,0,0,1,0,0,0
89-61-2,NRB,C1=CC(=C(C=C1Cl)[N+](=O)[O-])Cl,0,0,0,1,0,1,0,0,0,0,0,0,0,0,0,0,0,0,0,0,0,0,0,0,0,0,1,0,0,0
611-06-3,NRB,C1=CC(=C(C=C1Cl)Cl)[N+](=O)[O-],0,0,0,1,0,1,0,0,0,0,0,0,0,0,0,0,0,0,0,0,0,0,0,0,0,0,1,0,0,0
121-87-9,NRB,C1=CC(=C(C=C1[N+](=O)[O-])Cl)N,0,0,0,1,0,1,1,0,0,0,0,0,0,0,0,0,0,0,0,0,0,0,0,0,0,0,1,0,0,0
121-86-8,NRB,CC1=C(C=C(C=C1)[N+](=O)[O-])Cl,0,0,0,1,0,1,0,0,0,0,0,0,0,0,0,0,0,0,0,0,0,0,0,0,0,0,1,0,0,0
3531-19-9,NRB,C1=C(C=C(C(=C1[N+](=O)[O-])N)Cl)[N+](=O)[O-],0,0,0,1,0,1,1,0,0,0,0,0,0,0,0,0,0,0,0,0,0,0,0,0,0,0,1,0,0,0
89-63-4,NRB,C1=CC(=C(C=C1Cl)[N+](=O)[O-])N,0,0,0,1,0,1,1,0,0,0,0,0,0,0,0,0,0,0,0,0,0,0,0,0,0,0,1,0,0,0
1836-75-5,NRB,C1=CC(=CC=C1[N+](=O)[O-])OC2=C(C=C(C=C2)Cl)Cl,0,0,0,1,0,1,0,0,0,0,0,0,0,0,0,0,0,0,0,0,0,0,0,0,0,0,1,0,0,0
100-14-1,NRB,C1=CC(=CC=C1CCl)[N+](=O)[O-],0,0,0,0,0,0,0,1,0,0,0,0,0,0,0,0,0,0,0,1,0,0,0,0,0,0,0,0,1,1
1836-77-7,NRB,C1=CC(=CC=C1[N+](=O)[O-])OC2=C(C=C(C=C2Cl)Cl)Cl,0,0,0,1,0,1,0,0,0,0,0,0,0,0,0,0,0,0,0,0,0,0,0,0,0,0,1,0,0,0
89-64-5,NRB,C1=CC(=C(C=C1Cl)[N+](=O)[O-])O,0,0,0,1,0,1,0,0,0,0,0,0,0,0,0,0,0,0,0,0,0,0,0,0,0,0,1,0,0,0
118-83-2,NRB,C1=CC(=C(C=C1Cl)C(F)(F)F)[N+](=O)[O-],0,0,0,1,0,1,0,0,0,0,0,0,0,0,0,0,0,0,0,0,0,0,0,0,0,0,1,0,0,0
609-89-2,NRB,C1=C(C=C(C(=C1[N+](=O)[O-])O)Cl)Cl,0,0,0,1,0,1,0,0,0,0,0,0,0,0,0,0,0,0,0,0,0,0,0,0,0,0,1,0,0,0
26630-87-5,NRB,CC(=O)OCCN(CCOC(=O)C)C1=CC(=C(C=C1)N=NC2=NC3=C(S2)C=C(C=C3)Cl)NC(=O)C4=CC=CC=C4,0,0,0,1,0,1,1,1,1,0,0,0,0,0,0,0,0,0,0,0,0,0,0,1,0,0,1,1,1,0
330-55-2,NRB,CN(C(=O)NC1=CC(=C(C=C1)Cl)Cl)OC,0,0,0,1,0,1,1,0,0,0,0,0,0,0,0,0,0,0,0,0,0,0,0,0,0,0,1,0,0,0
782-74-1,NRB,C1=CC=C(C(=C1)NNC2=CC=CC=C2Cl)Cl,0,0,0,1,0,1,1,0,0,0,0,0,0,0,0,0,0,0,0,0,0,0,0,0,0,0,1,0,0,0
52-51-7,NRB,C(C(CO)([N+](=O)[O-])Br)O,0,0,0,0,0,0,0,0,0,0,0,0,0,0,0,0,0,0,0,0,0,0,0,1,0,0,1,0,1,0
330-54-1,NRB,CN(C)C(=O)NC1=CC(=C(C=C1)Cl)Cl,0,0,0,1,0,1,1,0,0,0,0,0,0,0,0,0,0,0,0,0,0,0,0,0,0,0,1,0,0,0
3296-90-0,NRB,C(C(CO)(CBr)CBr)O,0,0,0,0,0,0,0,0,0,0,0,0,0,0,0,0,0,0,0,0,0,0,0,1,0,0,0,0,1,0
59722-76-8,NRB,C1=CC=C2C(=C1)C(=O)C3=C(C2=O)C(=C(C=C3O)OC4=CC=C(C=C4)Br)N,0,0,1,1,0,0,1,0,0,0,0,0,0,0,0,0,0,0,0,0,0,0,0,0,0,0,1,0,0,0
116-82-5,NRB,C1=CC=C2C(=C1)C(=O)C3=C(C2=O)C(=C(C=C3O)Br)N,0,0,0,1,0,0,1,0,0,0,0,0,0,0,0,0,0,0,0,0,0,0,0,0,0,0,1,0,0,0
29167,RB,C(C(=O)O)Cl,0,0,0,0,0,0,0,0,0,0,0,0,0,0,0,0,0,0,0,1,0,0,0,1,0,1,0,1,1,1
10222-01-2,NRB,C(#N)C(C(=O)N)(Br)Br,0,0,0,0,0,0,1,0,0,0,0,0,0,0,0,0,0,0,0,0,0,0,0,0,0,0,1,0,0,0
117-08-8,NRB,C12=C(C(=C(C(=C1Cl)Cl)Cl)Cl)C(=O)OC2=O,0,0,0,1,0,1,0,1,0,0,0,0,0,0,0,0,0,0,0,0,0,0,0,0,0,0,1,1,0,0
7267-14-3,NRB,C1=CC(=C2C(=CC=C3C2=C1C(=O)OC3=O)Cl)Cl,0,0,0,1,0,1,0,1,0,0,0,0,0,0,0,0,0,0,0,0,0,0,0,0,0,0,1,1,0,0
79-27-6,NRB,C(C(Br)Br)(Br)Br,0,0,0,0,0,0,0,0,0,0,0,0,0,0,0,0,0,0,0,0,0,0,0,0,0,0,1,0,0,0
26172-55-4,NRB,CN1C(=O)C=C(S1)Cl,0,0,0,0,0,0,0,0,0,0,0,0,0,0,0,0,0,0,0,0,0,0,0,0,0,0,1,0,0,0
2939-80-2,NRB,C1C=CCC2C1C(=O)N(C2=O)SC(C(Cl)Cl)(Cl)Cl,0,0,0,0,0,0,0,0,0,0,0,0,0,0,0,0,0,0,0,0,0,0,0,0,0,0,1,0,0,1
719-96-0,NRB,C1(=C(N=C(N=C1F)F)F)Cl,0,0,0,0,1,0,0,0,0,0,0,0,0,0,0,0,0,0,0,0,0,0,0,0,0,0,1,0,0,0
1571-13-7,NRB,C12=C(C(=C(C(=C1Cl)Cl)Cl)Cl)C(=O)NC2=O,0,0,0,1,0,1,1,0,0,0,0,0,0,0,0,0,0,0,0,0,0,0,0,0,0,0,1,0,0,0
107-30-2,RB,COCCl,1,1,0,0,0,0,0,0,0,0,0,0,0,0,0,0,0,0,0,1,0,0,0,0,0,0,0,0,1,0
127-90-2,NRB,C(C(OC(CC(Cl)(Cl)Cl)Cl)Cl)C(Cl)(Cl)Cl,1,1,0,0,0,0,0,0,0,0,0,0,0,0,0,0,0,0,0,0,0,0,0,1,0,0,1,0,0,1
108-60-1,NRB,CC(CCl)OC(C)CCl,0,0,0,0,0,0,0,0,0,0,0,0,0,0,0,0,0,0,0,1,0,0,0,1,0,1,0,0,1,1
111-44-4,NRB,C(CCl)OCCCl,0,0,0,0,0,0,0,0,0,0,0,0,0,0,0,0,0,0,0,1,0,0,0,1,0,1,0,0,1,1
112-26-5,NRB,C(COCCCl)OCCCl,0,0,0,0,0,0,0,0,1,0,0,0,0,0,0,0,0,0,0,1,0,0,0,1,0,1,0,0,1,1
3194-57-8,NRB,C1CC(C(CCC(C1Br)Br)Br)Br,0,0,0,0,0,0,0,0,0,0,0,0,0,0,0,0,0,0,0,0,0,0,0,0,0,0,1,0,0,0
3194-55-6,NRB,C1CC(C(CCC(C(CCC(C1Br)Br)Br)Br)Br)Br,0,0,0,0,0,0,0,0,0,0,0,0,0,0,0,0,0,0,0,0,0,0,0,0,0,0,1,0,0,0
87-83-2,NRB,CC1=C(C(=C(C(=C1Br)Br)Br)Br)Br,0,0,0,0,0,0,0,0,0,0,0,0,0,0,0,0,0,0,0,0,0,0,0,0,0,0,1,0,0,0
87-68-3,NRB,C(=C(Cl)Cl)(C(=C(Cl)Cl)Cl)Cl,0,0,0,0,0,0,0,0,0,0,0,0,0,0,0,0,0,0,0,0,0,0,0,0,0,0,1,0,0,0
127-18-4,NRB,C(=C(Cl)Cl)(Cl)Cl,0,0,0,0,0,0,0,0,0,0,0,0,0,0,0,0,0,0,0,0,0,0,0,0,0,0,1,0,0,0
28861,NRB,ClC=C(Cl)Cl,0,0,0,0,0,0,0,0,0,0,0,0,0,0,0,0,0,0,0,0,0,0,0,0,0,0,1,0,0,1
3772-94-9,NRB,CCCCCCCCCCCC(=O)OC1=C(C(=C(C(=C1Cl)Cl)Cl)Cl)Cl,0,0,0,1,0,1,0,1,0,0,0,0,1,1,1,1,0,0,0,0,0,0,0,1,0,0,1,1,0,0
510-15-6,NRB,CCOC(=O)C(C1=CC=C(C=C1)Cl)(C2=CC=C(C=C2)Cl)O,0,0,0,1,0,1,0,1,1,0,0,0,0,0,0,0,0,0,0,0,0,0,0,1,0,0,1,1,1,0
32669-06-0,NRB,C1=CC=C(C=C1)C(C2=CC=CC=C2)OCCCl,0,0,0,1,0,1,0,0,0,0,0,0,0,0,0,0,0,0,0,1,0,0,0,1,0,1,0,0,1,1
20679-58-7,RB,C(C=CCOC(=O)CBr)OC(=O)CBr,0,0,1,1,0,0,0,1,1,0,0,0,0,0,0,0,0,0,0,0,0,0,0,1,0,0,0,1,1,0
13674-84-5,NRB,CC(CCl)OP(=O)(OC(C)CCl)OC(C)CCl,0,0,0,1,0,1,1,0,0,0,0,0,0,0,0,0,0,0,0,1,0,0,0,1,0,1,0,0,1,1
13674-87-8,NRB,C(C(CCl)OP(=O)(OC(CCl)CCl)OC(CCl)CCl)Cl,0,0,0,1,0,1,1,0,0,0,0,0,0,0,0,0,0,0,0,1,0,0,0,1,0,1,0,0,1,1
126-72-7,NRB,C(C(CBr)Br)OP(=O)(OCC(CBr)Br)OCC(CBr)Br,0,0,0,1,0,1,0,0,0,0,0,0,0,0,0,0,0,0,0,0,0,0,0,1,0,0,1,0,1,0
115-96-8,NRB,C(CCl)OP(=O)(OCCCl)OCCCl,0,0,0,1,0,1,1,0,0,0,0,0,0,0,0,0,0,0,0,1,0,0,0,1,0,1,0,0,1,1
27828,NRB,C(=O)(C(Cl)(Cl)Cl)O,0,0,0,0,0,0,0,0,0,0,0,0,0,0,0,0,0,0,0,0,0,0,0,1,0,1,1,1,0,0
127-20-8,NRB,CC(C(=O)O)(Cl)Cl,0,0,0,0,0,0,0,0,0,0,0,0,0,0,0,0,0,0,0,0,0,0,0,1,0,1,1,1,0,0
526-78-3,NRB,C(C(C(=O)O)Br)(C(=O)O)Br,0,0,0,0,0,0,0,0,0,0,0,0,0,0,0,0,0,0,0,0,0,0,0,1,0,0,1,1,0,0
50-31-7,NRB,C1=CC(=C(C(=C1Cl)C(=O)O)Cl)Cl,0,0,0,1,0,1,0,0,0,0,0,0,0,0,0,0,0,0,0,0,0,0,0,0,0,0,1,1,0,0
140-53-4,NRB,C1=CC(=CC=C1CC#N)Cl,0,0,0,1,0,1,0,0,0,0,0,0,0,0,0,0,0,0,0,0,0,0,0,0,0,0,1,0,0,0
873-32-5,NRB,C1=CC=C(C(=C1)C#N)Cl,0,0,0,1,0,1,0,0,0,0,0,0,0,0,0,0,0,0,0,0,0,0,0,0,0,0,1,0,0,0
541-73-1,NRB,C1=CC(=CC(=C1)Cl)Cl,0,0,0,1,0,1,0,0,0,0,0,0,0,0,0,0,0,0,0,0,0,0,0,0,0,0,1,0,0,0
106-46-7,NRB,C1=CC(=CC=C1Cl)Cl,0,0,0,1,0,1,0,0,0,0,0,0,0,0,0,0,0,0,0,0,0,0,0,0,0,0,1,0,0,0
1953-99-7,NRB,C(#N)C1=C(C(=C(C(=C1Cl)Cl)Cl)Cl)C#N,0,0,0,1,0,1,0,0,0,0,0,0,0,0,0,0,0,0,0,0,0,0,0,0,0,0,1,0,0,0
1897-45-6,NRB,C(#N)C1=C(C(=C(C(=C1Cl)Cl)Cl)C#N)Cl,0,0,0,1,0,1,0,0,0,0,0,0,0,0,0,0,0,0,0,0,0,0,0,0,0,0,1,0,0,0
611-19-8,NRB,C1=CC=C(C(=C1)CCl)Cl,0,0,0,1,0,1,0,1,0,0,0,0,0,0,0,0,0,0,0,1,0,0,0,0,0,0,1,0,1,1
102-47-6,NRB,C1=CC(=C(C=C1CCl)Cl)Cl,0,0,0,1,0,1,0,1,0,0,0,0,0,0,0,0,0,0,0,1,0,0,0,0,0,0,1,0,1,1
134-83-8,NRB,C1=CC(=CC=C1CC2=CC=C(C=C2)Cl)Cl,0,0,0,1,0,1,0,0,0,0,0,0,0,0,0,0,0,0,0,0,0,0,0,0,0,0,1,0,0,0
87-61-6,NRB,C1=CC(=C(C(=C1)Cl)Cl)Cl,0,0,0,1,0,1,0,0,0,0,0,0,0,0,0,0,0,0,0,0,0,0,0,0,0,0,1,0,0,0
122-01-0,NRB,C1=CC(=CC=C1C(=O)Cl)Cl,1,1,0,1,0,1,0,1,0,0,0,0,0,0,0,0,0,0,0,0,0,0,0,0,0,0,1,0,0,0
95-94-3,NRB,C1=C(C(=CC(=C1Cl)Cl)Cl)Cl,0,0,0,1,0,1,0,0,0,0,0,0,0,0,0,0,0,0,0,0,0,0,0,0,0,0,1,0,0,0
634-66-2,NRB,C1=CC(=C(C(=C1Cl)Cl)Cl)Cl,0,0,0,1,0,1,0,0,0,0,0,0,0,0,0,0,0,0,0,0,0,0,0,0,0,0,1,0,0,0
118-74-1,NRB,C1(=C(C(=C(C(=C1Cl)Cl)Cl)Cl)Cl)Cl,0,0,0,1,0,1,0,0,0,0,0,0,0,0,0,0,0,0,0,0,0,0,0,0,0,0,1,0,0,0
95-49-8,NRB,CC1=CC=CC=C1Cl,0,0,0,1,0,1,0,0,0,0,0,0,0,0,0,0,0,0,0,0,0,0,0,0,0,0,1,0,0,0
608-93-5,NRB,C1=C(C(=C(C(=C1Cl)Cl)Cl)Cl)Cl,0,0,0,1,0,1,0,0,0,0,0,0,0,0,0,0,0,0,0,0,0,0,0,0,0,0,1,0,0,0
95-73-8,NRB,CC1=C(C=C(C=C1)Cl)Cl,0,0,0,1,0,1,0,0,0,0,0,0,0,0,0,0,0,0,0,0,0,0,0,0,0,0,1,0,0,0
118-69-4,NRB,CC1=C(C=CC=C1Cl)Cl,0,0,0,1,0,1,0,0,0,0,0,0,0,0,0,0,0,0,0,0,0,0,0,0,0,0,1,0,0,0
108-42-9,NRB,C1=CC=C(C(=C1)N)Cl,0,0,0,1,0,1,1,0,0,0,0,0,0,0,0,0,0,0,0,0,0,0,0,0,0,0,1,0,0,0
106-47-8,NRB,C1=CC(=CC=C1N)Cl,0,0,0,1,0,1,1,0,0,0,0,0,0,0,0,0,0,0,0,0,0,0,0,0,0,0,1,0,0,0
2402-78-0,NRB,C1=CC(=NC(=C1)Cl)Cl,0,0,0,1,0,1,0,0,0,0,0,0,0,0,0,0,0,0,0,0,0,0,0,0,0,0,1,0,0,0
50-29-3,NRB,C1=CC(=CC=C1C(C2=CC=C(C=C2)Cl)C(Cl)(Cl)Cl)Cl,0,0,0,1,0,1,0,0,0,0,0,0,0,0,0,0,0,0,0,0,0,0,0,0,0,0,1,0,0,0
25512-42-9,NRB,C1=CC=C(C(=C1)C2=CC=CC=C2Cl)Cl,0,0,0,1,0,1,0,0,0,0,0,0,0,0,0,0,0,0,0,0,0,0,0,0,0,0,1,0,0,0
554-00-7,NRB,C1=CC(=C(C=C1Cl)Cl)N,0,0,0,1,0,1,1,0,0,0,0,0,0,0,0,0,0,0,0,0,0,0,0,0,0,0,1,0,0,0
95-76-1,NRB,C1=CC(=C(C=C1N)Cl)Cl,0,0,0,1,0,1,1,0,0,0,0,0,0,0,0,0,0,0,0,0,0,0,0,0,0,0,1,0,0,0
634-93-5,NRB,C1=C(C=C(C(=C1Cl)N)Cl)Cl,0,0,0,1,0,1,1,0,0,0,0,0,0,0,0,0,0,0,0,0,0,0,0,0,0,0,1,0,0,0
26601-64-9,NRB,C1=CC=C(C(=C1)C2=C(C(=C(C(=C2Cl)Cl)Cl)Cl)Cl)Cl,0,0,0,1,0,1,0,0,0,0,0,0,0,0,0,0,0,0,0,0,0,0,0,0,0,0,1,0,0,0
2051-24-3,NRB,C1(=C(C(=C(C(=C1Cl)Cl)Cl)Cl)Cl)C2=C(C(=C(C(=C2Cl)Cl)Cl)Cl)Cl,0,0,0,1,0,1,0,0,0,0,0,0,0,0,0,0,0,0,0,0,0,0,0,0,0,0,1,0,0,0
101-14-4,NRB,C1=CC(=C(C=C1CC2=CC(=C(C=C2)N)Cl)Cl)N,0,0,0,1,0,1,1,0,0,0,0,0,0,0,0,0,0,0,0,0,0,0,0,0,0,0,1,0,0,0
644-97-3,NRB,C1=CC=C(C=C1)P(Cl)Cl,0,0,0,0,0,0,0,0,0,0,0,0,0,0,0,0,0,0,0,0,0,0,0,0,0,0,1,0,0,0
709-98-8,NRB,CCC(=O)NC1=CC(=C(C=C1)Cl)Cl,0,0,0,1,0,1,1,0,0,0,0,0,0,0,0,0,0,0,0,0,0,0,0,0,0,0,1,0,0,0
760-23-6,NRB,C=CC(CCl)Cl,0,0,0,0,0,0,0,0,0,0,0,0,0,0,0,0,0,0,0,1,0,0,0,0,0,0,1,0,1,1
107-05-1,RB,C1=NC2=C(N=C(N=C2N1C3C(C(C(O3)CO)O)O)F)N,0,0,0,1,1,0,1,1,1,0,0,0,0,0,0,0,0,0,0,0,0,0,0,1,1,0,1,0,1,0
542-75-6,NRB,C(/C=C/Cl)Cl,0,0,0,0,0,0,0,0,0,0,0,0,0,0,0,0,0,0,0,1,0,0,0,0,0,0,0,0,1,1
96-18-4,NRB,C(C(CCl)Cl)Cl,0,0,0,0,0,0,0,0,0,0,0,0,0,0,0,0,0,0,0,1,0,0,0,0,0,0,1,0,1,1
78-87-5,NRB,CC(CCl)Cl,0,0,0,0,0,0,0,0,0,0,0,0,0,0,0,0,0,0,0,1,0,0,0,0,0,0,1,0,1,1
26226-72-2,RB,CCOC(=O)C1=CC=CC=C1NC(=O)CCl,0,0,0,0,0,1,1,1,1,0,0,0,0,0,0,0,0,0,0,1,0,0,0,1,0,0,0,1,1,1
72-20-8,NRB,C1C2C3C(C1C4C2O4)C5(C(=C(C3(C5(Cl)Cl)Cl)Cl)Cl)Cl,0,0,0,0,0,1,0,0,0,0,0,0,0,0,0,0,0,0,0,0,0,0,0,1,0,0,1,0,0,0
465-73-6,NRB,C1C2C=CC1C3C2C4(C(=C(C3(C4(Cl)Cl)Cl)Cl)Cl)Cl,0,0,0,0,0,0,0,0,0,0,0,0,0,0,0,0,0,0,0,0,0,0,0,0,0,0,1,0,0,0
76-44-8,NRB,C1=CC(C2C1C3(C(=C(C2(C3(Cl)Cl)Cl)Cl)Cl)Cl)Cl,0,0,0,0,0,0,0,0,0,0,0,0,0,0,0,0,0,0,0,0,0,0,0,0,0,0,1,0,0,1
13560-89-9,NRB,C1CC2C(CCC3C1C4(C(=C(C3(C4(Cl)Cl)Cl)Cl)Cl)Cl)C5(C(=C(C2(C5(Cl)Cl)Cl)Cl)Cl)Cl,0,0,0,0,0,0,0,0,0,0,0,0,0,0,0,0,0,0,0,0,0,0,0,0,0,0,1,0,0,0
115-28-6,NRB,C1(C(C2(C(=C(C1(C2(Cl)Cl)Cl)Cl)Cl)Cl)C(=O)O)C(=O)O,0,0,0,0,0,0,0,0,0,0,0,0,0,0,0,0,0,0,0,0,0,0,0,1,0,0,1,1,0,0
115-32-2,NRB,C1=CC(=CC=C1C(C2=CC=C(C=C2)Cl)(C(Cl)(Cl)Cl)O)Cl,0,0,0,1,0,1,0,0,0,0,0,0,0,0,0,0,0,0,0,0,0,0,0,1,0,1,1,0,0,0
97-23-4,NRB,C1=CC(=C(C=C1Cl)CC2=C(C=CC(=C2)Cl)O)O,0,0,0,1,0,1,0,0,0,0,0,0,0,0,0,0,0,0,0,0,0,0,0,0,0,0,1,0,0,0
70-30-4,NRB,C1=C(C(=C(C(=C1Cl)Cl)CC2=C(C(=CC(=C2Cl)Cl)Cl)O)O)Cl,0,0,0,1,0,1,0,0,0,0,0,0,0,0,0,0,0,0,0,0,0,0,0,0,0,0,1,0,0,0
2050-76-2,NRB,C1=CC=C2C(=C1)C(=CC(=C2O)Cl)Cl,0,0,0,1,0,1,0,0,0,0,0,0,0,0,0,0,0,0,0,0,0,0,0,0,0,0,1,0,0,0
79-94-7,NRB,CC(C)(C1=CC(=C(C(=C1)Br)O)Br)C2=CC(=C(C(=C2)Br)O)Br,0,0,0,1,0,0,0,0,0,0,0,0,0,0,0,0,0,0,0,0,0,0,0,0,0,0,1,0,0,0
583-78-8,NRB,C1=CC(=C(C=C1Cl)O)Cl,0,0,0,1,0,1,0,0,0,0,0,0,0,0,0,0,0,0,0,0,0,0,0,0,0,0,1,0,0,0
576-24-9,NRB,C1=CC(=C(C(=C1)Cl)Cl)O,0,0,0,1,0,1,0,0,0,0,0,0,0,0,0,0,0,0,0,0,0,0,0,0,0,0,1,0,0,0
95-56-7,NRB,C1=CC=C(C(=C1)O)Br,0,0,0,0,0,0,0,0,0,0,0,0,0,0,0,0,0,0,0,0,0,0,0,0,0,0,1,0,0,0
95-95-4,NRB,C1=C(C(=CC(=C1Cl)Cl)Cl)O,0,0,0,1,0,1,0,0,0,0,0,0,0,0,0,0,0,0,0,0,0,0,0,0,0,0,1,0,0,0
87-65-0,NRB,C1=CC(=C(C(=C1)Cl)O)Cl,0,0,0,1,0,1,0,0,0,0,0,0,0,0,0,0,0,0,0,0,0,0,0,0,0,0,1,0,0,0
95-77-2,NRB,C1=CC(=C(C=C1O)Cl)Cl,0,0,0,1,0,1,0,0,0,0,0,0,0,0,0,0,0,0,0,0,0,0,0,0,0,0,1,0,0,0
32296,RB,C1=C(C=C(C(=C1Cl)O)Cl)Cl,0,0,0,1,0,1,0,0,0,0,0,0,0,0,0,0,0,0,0,0,0,0,0,0,0,0,1,0,0,0
95-57-8,NRB,C1=CC=C(C(=C1)O)Cl,0,0,0,1,0,1,0,0,0,0,0,0,0,0,0,0,0,0,0,0,0,0,0,0,0,0,1,0,0,0
120-83-2,NRB,C1=CC(=C(C=C1Cl)Cl)O,0,0,0,1,0,1,0,0,0,0,0,0,0,0,0,0,0,0,0,0,0,0,0,0,0,0,1,0,0,0
118-79-6,RB,C1=C(C=C(C(=C1Br)O)Br)Br,0,0,0,0,0,0,0,0,0,0,0,0,0,0,0,0,0,0,0,0,0,0,0,0,0,0,1,0,0,0
615-58-7,NRB,C1=CC(=C(C=C1Br)Br)O,0,0,0,0,0,0,0,0,0,0,0,0,0,0,0,0,0,0,0,0,0,0,0,0,0,0,1,0,0,0
1163-19-5,NRB,C1(=C(C(=C(C(=C1Br)Br)Br)Br)Br)OC2=C(C(=C(C(=C2Br)Br)Br)Br)Br,0,0,0,0,0,0,0,0,0,0,0,0,0,0,0,0,0,0,0,0,0,0,0,0,0,0,1,0,0,0
1570-64-5,NRB,CC1=C(C=CC(=C1)Cl)O,0,0,0,1,0,1,0,0,0,0,0,0,0,0,0,0,0,0,0,0,0,0,0,0,0,0,1,0,0,0
87-86-5,NRB,C1(=C(C(=C(C(=C1Cl)Cl)Cl)Cl)Cl)O,0,0,0,1,0,1,0,0,0,0,0,0,0,0,0,0,0,0,0,0,0,0,0,0,0,0,1,0,0,0
615-74-7,NRB,CC1=CC(=C(C=C1)Cl)O,0,0,0,1,0,1,0,0,0,0,0,0,0,0,0,0,0,0,0,0,0,0,0,0,0,0,1,0,0,0
59-50-7,NRB,CC1=C(C=CC(=C1)O)Cl,0,0,0,1,0,1,0,0,0,0,0,0,0,0,0,0,0,0,0,0,0,0,0,0,0,0,1,0,0,0
58-90-2,NRB,C1=C(C(=C(C(=C1Cl)Cl)Cl)O)Cl,0,0,0,1,0,1,0,0,0,0,0,0,0,0,0,0,0,0,0,0,0,0,0,0,0,0,1,0,0,0
1940-42-7,NRB,C1=C(C(=CC(=C1Cl)Br)Cl)O,0,0,0,1,0,1,0,0,0,0,0,0,0,0,0,0,0,0,0,0,0,0,0,0,0,0,1,0,0,0
608-71-9,NRB,C1(=C(C(=C(C(=C1Br)Br)Br)Br)Br)O,0,0,0,0,0,0,0,0,0,0,0,0,0,0,0,0,0,0,0,0,0,0,0,0,0,0,1,0,0,0
82-44-0,NRB,C1=CC=C2C(=C1)C(=O)C3=C(C2=O)C(=CC=C3)Cl,0,0,0,1,0,1,0,0,0,0,0,0,0,0,0,0,0,0,0,0,0,0,0,0,0,0,1,0,0,0
131-09-9,NRB,C1=CC=C2C(=C1)C(=O)C3=C(C2=O)C=C(C=C3)Cl,0,0,0,1,0,1,0,0,0,0,0,0,0,0,0,0,0,0,0,0,0,0,0,0,0,0,1,0,0,0
729335,NRB,CC1=CC(=C(C(=C1)N2N=C3C=CC(=CC3=N2)Cl)O)C(C)(C)C,0,0,0,1,0,1,1,1,0,0,0,0,0,0,0,0,0,0,0,0,0,0,0,0,0,0,1,0,0,0
3864-99-1,NRB,CC(C)(C)C1=CC(=C(C(=C1)N2N=C3C=CC(=CC3=N2)Cl)O)C(C)(C)C,0,0,0,1,0,1,1,1,0,0,0,0,0,0,0,0,0,0,0,0,0,0,0,0,0,0,1,0,0,0
19666-30-9,NRB,CC(C)OC1=C(C=C(C(=C1)N2C(=O)OC(=N2)C(C)(C)C)Cl)Cl,0,0,0,1,0,1,0,1,0,0,0,0,0,0,0,0,0,0,0,0,0,0,0,1,0,0,1,1,0,0
92296-04-3,NRB,CC1=C(C(=O)N(N1C)C2=CC=CC=C2)NC(=O)C(C)Br,0,0,0,1,1,0,1,1,0,0,1,0,0,0,0,0,0,0,0,0,0,0,0,0,0,0,1,0,0,0
5567-15-7,NRB,CC(=O)C(C(=O)NC1=CC(=C(C=C1OC)Cl)OC)N=NC2=C(C=C(C=C2)C3=CC(=C(C=C3)N=NC(C(=O)C)C(=O)NC4=CC(=C(C=C4OC)Cl)OC)Cl)Cl,0,0,0,1,0,1,1,0,0,0,0,0,0,0,0,0,0,0,0,0,0,0,0,0,0,0,1,0,0,0
6358-85-6,NRB,CC(=O)C(C(=O)NC1=CC=CC=C1)N=NC2=C(C=C(C=C2)C3=CC(=C(C=C3)N=NC(C(=O)C)C(=O)NC4=CC=CC=C4)Cl)Cl,0,0,0,1,0,1,1,0,0,0,0,0,0,0,0,0,0,0,0,0,0,0,0,0,0,0,1,0,0,0
5468-75-7,NRB,CC1=CC=CC=C1NC(=O)C(C(=O)C)N=NC2=C(C=C(C=C2)C3=CC(=C(C=C3)N=NC(C(=O)C)C(=O)NC4=CC=CC=C4C)Cl)Cl,0,0,0,1,0,1,1,0,0,0,0,0,0,0,0,0,0,0,0,0,0,0,0,0,0,0,1,0,0,0
10319-14-9,NRB,C1=CC=C2C(=C1)C(=O)C(C2=O)C3=NC4=CC=CC=C4C(=C3O)Br,0,0,0,0,0,0,1,0,0,0,0,0,0,0,0,0,0,0,0,0,0,0,0,0,0,0,1,0,0,0
122-34-9,NRB,CCNC1=NC(=NC(=N1)Cl)NCC,0,0,0,0,0,0,1,0,0,0,0,0,0,0,0,0,0,0,0,0,0,0,0,0,0,0,1,0,1,0
1912-24-9,NRB,CCNC1=NC(=NC(=N1)Cl)NC(C)C,0,0,0,0,0,0,1,0,0,0,0,0,0,0,0,0,0,0,0,0,0,0,0,0,0,0,1,0,1,0
101-20-2,NRB,C(Cl)(Cl)Cl,0,0,0,0,0,0,0,0,0,0,0,0,0,0,0,0,0,0,0,0,0,0,0,0,0,0,1,0,0,0
91-94-1,NRB,C1=CC(=C(C=C1C2=CC(=C(C=C2)N)Cl)Cl)N,0,0,0,1,0,1,1,0,0,0,0,0,0,0,0,0,0,0,0,0,0,0,0,0,0,0,1,0,0,0
76-86-8,NRB,C1=CC=C(C=C1)[Si](C2=CC=CC=C2)(C3=CC=CC=C3)Cl,0,0,0,1,0,0,0,0,0,0,0,0,0,0,0,0,0,0,0,0,0,0,0,0,0,0,1,0,0,0
29498,NRB,C1=CC=C(C=C1)[Si](C2=CC=CC=C2)(Cl)Cl,0,0,0,1,0,0,0,0,0,0,0,0,0,0,0,0,0,0,0,0,0,0,0,0,0,0,1,0,0,0
103-64-0,NRB,C1=CC=C(C=C1)C=CBr,0,0,0,0,0,0,0,0,0,0,0,0,0,0,0,0,0,0,0,0,0,0,0,0,0,0,0,0,0,0
106-37-6,NRB,C1=CC(=CC=C1Br)Br,0,0,0,0,0,0,0,0,0,0,0,0,0,0,0,0,0,0,0,0,0,0,0,0,0,0,1,0,0,0
1712-70-5,NRB,CC(=C)C1=CC=C(C=C1)Cl,0,0,0,1,0,1,0,0,0,0,0,0,0,0,0,0,0,0,0,0,0,0,0,0,0,0,1,0,0,0
98-87-3,RB,C1=CC=C(C=C1)C(Cl)Cl,0,0,0,0,0,0,0,1,0,0,0,0,0,0,0,0,0,0,0,0,0,0,0,0,0,0,1,0,0,1
1592-20-7,NRB,C=CC1=CC=C(C=C1)CCl,0,0,0,0,0,1,0,1,0,0,0,0,0,0,0,0,0,0,0,1,0,0,0,0,0,0,0,0,1,1
4433-79-8,NRB,CC(=O)CC(=O)NC1=CC(=C(C=C1OC)Cl)OC,0,0,0,1,0,1,1,0,0,0,0,0,0,0,0,0,0,0,0,0,0,0,0,0,0,0,1,0,0,0
144-48-9,NRB,C(C(=O)N)I,0,0,0,0,0,0,1,0,0,0,0,0,0,0,0,0,0,0,0,0,0,0,0,0,0,0,0,0,1,0
3785-34-0,NRB,C(COC(=O)CBr)OC(=O)CBr,0,0,0,0,0,0,0,1,1,0,0,0,0,0,0,0,0,0,0,0,0,0,0,1,0,0,0,1,1,0
100-44-7,RB,C1=CC=C(C=C1)CCl,0,0,0,0,0,0,0,1,0,0,0,0,0,0,0,0,0,1,0,1,0,0,0,0,0,0,0,0,1,1
108-23-6,NRB,CC(C)OC(=O)Cl,1,1,0,0,0,0,0,1,1,0,0,0,0,0,0,0,0,0,0,0,0,0,0,1,0,0,1,1,0,0
598-78-7,RB,CC(C(=O)O)Cl,0,0,0,0,0,0,0,0,0,0,1,0,0,0,0,0,0,0,0,0,0,0,0,1,0,1,1,1,0,1
79-43-6,RB,C(C(=O)O)(Cl)Cl,0,0,0,0,0,0,0,0,0,0,0,0,0,0,0,0,0,0,0,0,0,0,0,1,0,1,1,1,0,1
541-41-3,RB,CCOC(=O)Cl,1,1,0,0,0,0,0,1,1,0,0,0,0,0,0,0,0,0,0,0,0,0,0,1,0,0,1,1,1,0
10302-94-0,NRB,CCOC(=O)C=C(C(=O)OCC)Cl,0,0,0,0,0,0,0,1,1,0,0,0,0,0,0,0,0,0,0,0,0,0,0,1,0,1,1,1,1,0
57-15-8,NRB,CC(C)(C(Cl)(Cl)Cl)O,0,0,0,0,0,0,0,0,0,0,0,0,0,0,0,0,0,0,0,0,0,0,0,1,0,1,1,0,0,0
13014-18-1,NRB,C1=CC(=C(C=C1Cl)Cl)C(Cl)(Cl)Cl,0,0,0,1,0,1,0,1,0,0,0,0,0,0,0,0,0,0,0,0,0,0,0,0,0,0,1,0,0,0
87-84-3,NRB,C1(C(C(C(C(C1Br)Br)Br)Br)Br)Cl,0,0,0,0,0,0,0,0,0,0,0,0,0,0,0,0,0,0,0,0,0,0,0,0,0,0,1,0,0,1
2921-88-2,NRB,CCOP(=S)(OCC)OC1=NC(=C(C=C1Cl)Cl)Cl,0,0,0,1,0,1,0,0,0,0,0,0,0,0,0,0,0,0,0,0,0,0,0,1,0,0,1,0,1,0
3792-59-4,NRB,CCOP(=S)(C1=CC=CC=C1)OC2=C(C=C(C=C2)Cl)Cl,0,0,0,1,0,1,0,0,0,0,0,0,0,0,0,0,0,0,0,0,0,0,0,1,0,0,1,0,1,0
961-11-5,NRB,COP(=O)(OC)OC(=CCl)C1=CC(=C(C=C1Cl)Cl)Cl,0,0,0,1,0,1,0,0,0,0,0,0,0,0,0,0,0,0,0,0,0,0,0,0,0,0,1,0,0,1
100468-92-6,NRB,ClCS(=O)(=O)Nc1cc(Cl)c(Cl)c(Cl)c1Oc2cccc(Cl)c2,0,0,0,1,0,1,1,0,0,0,0,0,0,0,0,0,0,0,0,1,0,0,0,0,0,0,1,0,1,0
1085-98-9,NRB,CN(C)S(=O)(=O)N(C1=CC=CC=C1)SC(F)(Cl)Cl,0,0,0,0,0,0,0,0,0,0,0,0,0,0,0,0,0,0,0,0,0,0,0,0,0,0,1,0,0,0
84-57-1,NRB,CC1=NN(C(=O)C1)C2=CC(=C(C=C2Cl)S(=O)(=O)O)Cl,0,0,0,1,0,1,0,0,0,0,0,0,0,0,0,0,0,0,0,0,0,0,0,0,0,0,1,0,0,0
94-75-7,NRB,C1=CC(=C(C=C1Cl)Cl)OCC(=O)O,0,0,0,1,0,1,0,0,0,0,0,0,0,0,0,0,0,0,0,0,0,0,0,1,0,0,1,1,1,0
94-74-6,NRB,CC1=C(C=CC(=C1)Cl)OCC(=O)O,0,0,0,1,0,1,0,0,0,0,0,0,0,0,0,0,0,0,0,0,0,0,0,1,0,0,1,1,1,0
2100-42-7,NRB,COC1=CC(=C(C=C1)OC)Cl,0,0,0,1,0,1,0,0,0,0,0,0,0,0,0,0,0,0,0,0,0,0,0,0,0,0,1,0,0,0
36065-30-2,NRB,CC(COC1=C(C=C(C=C1Br)Br)Br)(CBr)Br,0,0,0,0,0,0,0,1,0,0,0,0,0,0,0,0,0,0,0,0,0,0,0,1,0,0,1,0,1,0
108-43-0,NRB,C1=CC(=CC(=C1)Cl)O,0,0,0,1,0,1,0,0,0,0,0,0,0,0,0,0,0,0,0,0,0,0,0,0,0,0,1,0,0,0
106-48-9,NRB,C1=CC(=CC=C1O)Cl,0,0,0,1,0,1,0,0,0,0,0,0,0,0,0,0,0,0,0,0,0,0,0,0,0,0,1,0,0,0
591-35-5,NRB,C1=C(C=C(C=C1Cl)Cl)O,0,0,0,1,0,1,0,0,0,0,0,0,0,0,0,0,0,0,0,0,0,0,0,0,0,0,1,0,0,0
21850-44-2,NRB,CC(C)(C1=CC(=C(C(=C1)Br)OCC(CBr)Br)Br)C2=CC(=C(C(=C2)Br)OCC(CBr)Br)Br,0,0,0,1,0,0,0,1,0,0,0,0,0,0,0,0,0,0,0,0,0,0,0,1,0,0,1,0,1,0
591-20-8,NRB,C1=CC(=CC(=C1)Br)O,0,0,0,0,0,0,0,0,0,0,0,0,0,0,0,0,0,0,0,0,0,0,0,0,0,0,1,0,0,0
106-41-2,NRB,C1=CC(=CC=C1O)Br,0,0,0,0,0,0,0,0,0,0,0,0,0,0,0,0,0,0,0,0,0,0,0,0,0,0,1,0,0,0
118-91-2,NRB,C1=CC=C(C(=C1)C(=O)O)Cl,0,0,0,1,0,1,0,0,0,0,0,0,0,0,0,0,0,0,0,0,0,0,0,0,0,0,1,1,0,0
50-84-0,NRB,C1=CC(=C(C=C1Cl)Cl)C(=O)O,0,0,0,1,0,1,0,0,0,0,0,0,0,0,0,0,0,0,0,0,0,0,0,0,0,0,1,1,0,0
DTXSID90869820,RB,C(CCl)NP(=O)(NCCCl)OC1C(C(C(C(O1)CO)O)O)O,0,0,0,1,0,1,1,0,1,0,0,0,0,0,0,0,0,0,0,1,0,0,0,1,1,0,0,1,1,1
307-55-1,NRB,C(=O)(C(C(C(C(C(C(C(C(C(C(C(F)(F)F)(F)F)(F)F)(F)F)(F)F)(F)F)(F)F)(F)F)(F)F)(F)F)(F)F)O,0,0,0,0,0,0,0,0,0,0,0,0,0,0,0,0,0,0,0,0,0,0,0,1,0,0,1,1,0,0
376-06-7,NRB,C(=O)(C(C(C(C(C(C(C(C(C(C(C(C(C(F)(F)F)(F)F)(F)F)(F)F)(F)F)(F)F)(F)F)(F)F)(F)F)(F)F)(F)F)(F)F)(F)F)O,0,0,0,0,0,0,0,0,0,0,0,0,0,0,0,0,0,0,0,0,0,0,0,1,0,0,1,1,0,0
42240-73-3,NRB,C1=CC(=C(C(=C1CC2=C(C(=C(C=C2)N)Cl)Cl)Cl)Cl)N,0,0,0,1,0,1,1,0,0,0,0,0,0,0,0,0,0,0,0,0,0,0,0,0,0,0,1,0,0,0
56-23-5,NRB,C(Cl)(Cl)(Cl)Cl,0,0,0,0,0,0,0,0,0,0,0,0,0,0,0,0,0,0,0,0,0,0,0,0,0,0,1,0,0,0
3644-38-0,NRB,CCCC[Sn](CCCC)(CCCC)OC1=C(C(=C(C(=C1Cl)Cl)Cl)Cl)Cl,0,0,0,1,0,1,0,0,0,0,0,0,0,0,0,0,0,0,0,0,0,0,0,0,0,0,1,0,1,0
71-55-6,NRB,CC(Cl)(Cl)Cl,0,0,0,0,0,0,0,0,0,0,0,0,0,0,0,0,0,0,0,0,0,0,0,0,0,0,1,0,0,0
402-31-3,NRB,C1=CC(=CC(=C1)C(F)(F)F)C(F)(F)F,0,0,0,0,0,0,0,0,0,0,0,0,0,0,0,0,0,0,0,0,0,0,0,0,0,0,1,0,0,0
346-10-1,NRB,CCC(C(=O)NC1=CC(=C(C=C1)NC(=O)C(C(C(F)(F)F)(F)F)(F)F)O)OC2=C(C=C(C=C2)C(C)(C)CC)C(C)(C)CC,0,0,0,0,0,0,1,0,0,0,0,0,0,0,0,0,0,0,0,0,0,0,0,1,0,0,1,0,0,0
335-99-9,NRB,C(C(C(C(C(C(C(F)F)(F)F)(F)F)(F)F)(F)F)(F)F)O,0,0,0,0,0,0,0,0,0,0,0,0,0,0,0,0,0,0,0,0,0,0,0,1,0,0,1,0,1,0
1582-09-8,NRB,CCCN(CCC)C1=C(C=C(C=C1[N+](=O)[O-])C(F)(F)F)[N+](=O)[O-],0,0,0,0,0,0,0,0,0,0,0,0,0,0,0,0,0,0,0,0,0,0,0,0,0,0,1,0,1,0
75-26-3,RB,CC(C)Br,0,0,0,0,0,0,0,0,0,0,0,0,0,0,0,0,0,0,0,0,0,0,0,0,0,0,1,0,0,0
306-98-9,NRB,C1(C(C(C(C(C1(F)F)(F)F)(F)F)(F)F)(C(F)(F)F)F)(C(F)(F)F)F,0,0,0,0,0,0,0,0,0,0,0,0,0,0,0,0,0,0,0,0,0,0,0,0,0,0,1,0,0,0
367-11-3,NRB,C1=CC=C(C(=C1)F)F,0,0,0,0,0,0,0,0,0,0,0,0,0,0,0,0,0,0,0,0,0,0,0,0,0,0,1,0,0,0
307-70-0,NRB,C(C(C(C(C(C(C(C(C(C(C(F)F)(F)F)(F)F)(F)F)(F)F)(F)F)(F)F)(F)F)(F)F)(F)F)O,0,0,0,0,0,0,0,0,0,0,0,0,0,0,0,0,0,0,0,0,0,0,0,1,0,0,1,0,1,0
678-39-7,NRB,C(CO)C(C(C(C(C(C(C(C(F)(F)F)(F)F)(F)F)(F)F)(F)F)(F)F)(F)F)(F)F,0,0,0,0,0,0,0,0,0,0,0,0,0,0,0,0,0,0,0,0,0,0,0,1,0,0,1,0,1,0
311-89-7,NRB,C(C(C(F)(F)F)(F)F)(C(N(C(C(C(C(F)(F)F)(F)F)(F)F)(F)F)C(C(C(C(F)(F)F)(F)F)(F)F)(F)F)(F)F)(F)F,0,0,0,0,0,0,0,0,0,0,0,0,0,0,0,0,0,0,0,0,0,0,0,0,0,0,1,0,0,0
335-67-1,NRB,C(=O)(C(C(C(C(C(C(C(F)(F)F)(F)F)(F)F)(F)F)(F)F)(F)F)(F)F)O,0,0,0,0,0,0,0,0,0,0,0,0,0,0,0,0,0,0,0,0,0,0,0,1,0,0,1,1,0,0
12239-87-1,NRB,C1=CC=C2C(=C1)C3=NC4=C5C=CC=CC5=C([N-]4)N=C6C7=CC=CC=C7C(=N6)N=C8C9=CC=CC=C9C(=N8)N=C2N3.Cl[Cu+],0,0,0,0,1,0,0,0,0,0,0,0,0,0,0,0,0,0,0,0,0,0,0,0,0,0,0,0,0,0
16421-40-2,NRB,COc1cc(N=Nc2c(Cl)cc([N+](=O)[O-])cc2[N+](=O)[O-])c(NC(C)=O)cc1N(CCOC(C)=O)Cc1ccccc1,0,0,0,1,1,1,1,1,1,0,0,0,0,0,0,0,0,1,0,0,0,0,0,1,0,0,1,1,1,0
25176-89-0,NRB,CCN(CCC#N)c1ccc(N=Nc2nc3cc(Cl)c(Cl)cc3s2)cc1,0,0,0,1,0,1,0,0,0,0,0,0,0,0,0,0,0,0,0,0,0,0,0,0,0,0,1,0,1,0
23077-61-4,NRB,O=C(Nc1ccc(Cl)cc1)c1c(O)ccc2c1[nH]c1ccccc12,0,0,0,1,0,1,1,0,0,0,0,0,0,0,0,0,0,0,0,0,0,0,0,0,0,0,1,0,0,0
23355-64-8,NRB,O=[N+]([O-])c1cc(Cl)c(N=Nc2ccc(N(CCO)CCO)cc2Cl)c(Cl)c1,0,0,0,1,0,1,0,0,0,0,0,0,0,0,0,0,0,0,0,0,0,0,0,1,0,0,1,0,1,0
24448-09-7,NRB,CN(CCO)S(=O)(=O)C(F)(F)C(F)(F)C(F)(F)C(F)(F)C(F)(F)C(F)(F)C(F)(F)C(F)(F)F,0,0,0,0,0,0,0,0,0,0,0,0,0,0,0,0,0,0,0,0,0,0,0,1,0,0,1,0,1,0
12789-03-6,NRB,ClC1=C(Cl)C2(Cl)C3C(Cl)C(Cl)CC3C1(Cl)C2(Cl)Cl,0,0,0,0,0,0,0,0,0,0,0,0,0,0,0,0,0,0,0,0,0,0,0,0,0,0,1,0,0,1
17464-91-4,NRB,O=[N+]([O-])c1cc(Cl)c(N=Nc2ccc(N(CCO)CCO)cc2Cl)c(Br)c1,0,0,0,1,0,1,0,0,0,0,0,0,0,0,0,0,0,0,0,0,0,0,0,1,0,0,1,0,1,0
2746-81-8,NRB,CCCCCCC(=O)OCCN1CCN(CCCN2c3ccccc3Sc3ccc(C(F)(F)F)cc32)CC1,0,0,0,0,0,0,1,1,1,0,0,0,0,0,1,1,0,0,0,0,0,0,0,1,0,0,1,1,1,0
6371-23-9,NRB,Cc1cc(Cl)cc2c1C(=O)C(=C1Sc3c(Cl)cc(Cl)c(C)c3C1=O)S2,0,0,0,1,0,1,1,1,0,0,0,0,0,0,0,0,0,0,0,0,0,0,0,0,0,0,1,0,0,0
6373-31-5,NRB,O=C1c2ccccc2C(=O)c2c1c(Cl)cc1c(=O)c3cc(Cl)cc(Cl)c3[nH]c21,0,0,0,1,0,1,0,0,0,0,0,0,0,0,0,0,0,0,0,0,0,0,0,0,0,0,1,0,0,0
6407-74-5,NRB,CC1=NN(c2ccccc2)C(=O)C1N=Nc1ccccc1Cl,0,0,0,1,0,1,0,0,0,0,0,0,0,0,0,0,0,0,0,0,0,0,0,0,0,0,1,0,0,0
6410-13-5,NRB,O=[N+]([O-])c1cc(Cl)ccc1N=Nc1c(O)ccc2ccccc12,0,0,0,1,0,1,1,0,0,0,0,0,0,0,0,0,0,0,0,0,0,0,0,0,0,0,1,0,0,0
6410-41-9,NRB,CCN(CC)S(=O)(=O)c1ccc(OC)c(N=Nc2c(O)c(C(=O)Nc3cc(Cl)c(OC)cc3OC)cc3ccccc23)c1,0,0,0,1,0,1,1,0,0,0,0,0,0,0,0,0,0,0,0,0,0,0,0,0,0,0,1,0,1,0
14295-43-3,NRB,O=C1C(=C2Sc3c(Cl)ccc(Cl)c3C2=O)Sc2c(Cl)ccc(Cl)c21,0,0,0,1,0,1,1,1,0,0,0,0,0,0,0,0,0,0,0,0,0,0,0,0,0,0,1,0,0,0
2062-78-4,NRB,O=c1[nH]c2ccccc2n1C1CCN(CCCC(c2ccc(F)cc2)c2ccc(F)cc2)CC1,0,0,0,1,1,1,1,0,0,0,0,0,0,0,0,0,0,0,0,0,0,0,0,0,0,0,1,0,1,0
12236-64-5,NRB,CC(=O)Nc1ccc(NC(=O)c2cc3ccccc3c(N=Nc3cc(C(N)=O)ccc3Cl)c2O)cc1,0,0,0,1,0,1,1,0,0,0,0,0,0,0,0,0,0,0,0,0,0,0,0,0,0,0,1,0,0,0
12239-34-8,NRB,CCOc1cc(N=Nc2c(Br)cc([N+](=O)[O-])cc2[N+](=O)[O-])c(NC(C)=O)c(N(CCOC(C)=O)CCOC(C)=O)c1,0,0,0,0,0,0,1,1,1,0,0,0,0,0,0,0,0,0,0,0,0,0,0,1,0,0,1,1,1,0
2379-74-0,NRB,Cc1cc(Cl)cc2c1C(=O)C(=C1Sc3cc(Cl)cc(C)c3C1=O)S2,0,0,0,1,0,1,1,1,0,0,0,0,0,0,0,0,0,0,0,0,0,0,0,0,0,0,1,0,0,0
2379-75-1,NRB,Cc1cc(Cl)c(C)c2c1SC(=C1Sc3c(C)cc(Cl)c(C)c3C1=O)C2=O,0,0,0,1,0,1,1,1,0,0,0,0,0,0,0,0,0,0,0,0,0,0,0,0,0,0,1,0,0,0
5102-83-0,NRB,CC(=O)C(N=Nc1ccc(-c2ccc(N=NC(C(C)=O)C(=O)Nc3ccc(C)cc3C)c(Cl)c2)cc1Cl)C(=O)Nc1ccc(C)cc1C,0,0,0,1,0,1,1,0,0,0,0,0,0,0,0,0,0,0,0,0,0,0,0,0,0,0,1,0,0,0
2814-77-9,NRB,O=[N+]([O-])c1ccc(N=Nc2c(O)ccc3ccccc23)c(Cl)c1,0,0,0,1,0,1,1,0,0,0,0,0,0,0,0,0,0,0,0,0,0,0,0,0,0,0,1,0,0,0
647-42-7,NRB,OCCC(F)(F)C(F)(F)C(F)(F)C(F)(F)C(F)(F)C(F)(F)F,0,0,0,0,0,0,0,0,0,0,0,0,0,0,0,0,0,0,0,0,0,0,0,1,0,0,1,0,1,0
1154-59-2,NRB,O=C(Nc1ccc(Cl)c(Cl)c1)c1cc(Cl)cc(Cl)c1O,0,0,0,1,0,1,1,0,0,0,0,0,0,0,0,0,0,0,0,0,0,0,0,0,0,0,1,0,0,0
1176-74-5,NRB,CCOC(=O)c1ccccc1C(=C1C=C(Br)C(=O)C(Br)=C1)c1cc(Br)c(O)c(Br)c1,0,0,0,1,0,1,0,1,1,0,0,0,0,0,0,0,0,0,0,0,0,0,0,1,0,0,1,1,1,0
1652-63-7,NRB,FC(F)C(F)F,0,0,0,0,0,0,0,0,0,0,0,0,0,0,0,0,0,0,0,0,0,0,0,0,0,0,1,0,0,0
1691-99-2,NRB,CCN(CCO)S(=O)(=O)C(F)(F)C(F)(F)C(F)(F)C(F)(F)C(F)(F)C(F)(F)C(F)(F)C(F)(F)F,0,0,0,0,0,0,0,0,0,0,0,0,0,0,0,0,0,0,0,0,0,0,0,1,0,0,1,0,1,0
2134-15-8,NRB,O=C1OC2(c3cc(Br)c(O)c(Br)c3Oc3c2cc(Br)c(O)c3Br)c2c(Cl)c(Cl)c(Cl)c(Cl)c21,0,0,0,1,0,1,0,1,0,0,0,0,0,0,0,0,0,0,0,0,0,0,0,0,0,0,1,1,0,0
3687-67-0,NRB,O=C1C(=C2Sc3c(ccc4cccc(Cl)c34)C2=O)Nc2ccc(Br)cc21,0,0,0,1,0,1,1,1,0,0,0,0,0,0,0,0,0,0,0,0,0,0,0,0,0,0,1,0,0,0
5261-31-4,NRB,CC(=O)OCCN(CCC#N)c1ccc(N=Nc2c(Cl)cc([N+](=O)[O-])cc2Cl)cc1,0,0,0,1,0,1,0,1,1,0,0,0,0,0,0,0,0,0,0,0,0,0,0,1,0,0,1,1,1,0
2537-62-4,NRB,CCN(CC)c1ccc(N=Nc2c(Br)cc([N+](=O)[O-])cc2C#N)c(NC(C)=O)c1,0,0,0,0,0,0,1,0,0,0,0,0,0,0,0,0,0,0,0,0,0,0,0,0,0,0,1,0,1,0
6232-56-0,NRB,CN(CCO)c1ccc(N=Nc2c(Cl)cc([N+](=O)[O-])cc2Cl)cc1,0,0,0,1,0,1,0,0,0,0,0,0,0,0,0,0,0,0,0,0,0,0,0,1,0,0,1,0,1,0
626-39-1,NRB,Brc1cc(Br)cc(Br)c1,0,0,0,0,0,0,0,0,0,0,0,0,0,0,0,0,0,0,0,0,0,0,0,0,0,0,1,0,0,0
944-61-6,NRB,COc1c(Cl)c(Cl)c(Cl)c(Cl)c1OC,0,0,0,1,0,1,0,0,1,0,0,0,0,0,0,0,0,0,0,0,0,0,0,0,0,0,1,0,0,0
1336-36-3,NRB,Clc1cc(-c2cc(Cl)c(Cl)c(Cl)c2)cc(Cl)c1Cl,0,0,0,1,0,1,0,0,0,0,0,0,0,0,0,0,0,0,0,0,0,0,0,0,0,0,1,0,0,0
115-39-9,NRB,O=S1(=O)OC(c2cc(Br)c(O)c(Br)c2)(c2cc(Br)c(O)c(Br)c2)c2ccccc21,0,0,0,1,0,1,0,0,1,0,0,0,0,0,0,0,0,0,0,0,0,0,0,0,0,0,1,0,0,0
115-40-2,NRB,Cc1cc(C2(c3cc(C)c(O)c(Br)c3)OS(=O)(=O)c3ccccc32)cc(Br)c1O,0,0,0,1,0,1,0,0,1,0,0,0,0,0,0,0,0,0,0,0,0,0,0,0,0,0,1,0,0,0
132-61-6,NRB,O=C(Nc1ccc(Cl)cc1)c1cc2c(cc1O)[nH]c1ccccc12,0,0,0,1,0,1,1,0,0,0,0,0,0,0,0,0,0,0,0,0,0,0,0,0,0,0,1,0,0,0
133-49-3,NRB,Sc1c(Cl)c(Cl)c(Cl)c(Cl)c1Cl,0,0,0,1,0,1,0,0,0,0,0,0,0,0,0,0,0,0,0,0,0,0,0,0,0,0,1,0,0,0
135-63-7,NRB,Cc1ccc(Cl)cc1NC(=O)c1cc2ccccc2cc1O,0,0,0,1,0,1,1,0,0,0,0,0,0,0,0,0,0,0,0,0,0,0,0,0,0,0,1,0,0,0
440-17-5,NRB,CN1CCN(CCCN2c3ccccc3Sc3ccc(C(F)(F)F)cc32)CC1,0,0,0,0,0,0,1,0,0,0,0,0,0,0,0,0,0,0,0,0,0,0,0,0,0,0,1,0,1,0
56-95-1,NRB,NC(=NCCCCCCN=C(N)N=C(N)Nc1ccc(Cl)cc1)N=C(N)Nc1ccc(Cl)cc1,0,0,0,1,1,1,1,0,0,0,0,0,1,0,0,0,0,0,0,0,0,0,0,0,0,0,1,0,1,0
58-38-8,NRB,CN1CCN(CCCN2c3ccccc3Sc3ccc(Cl)cc32)CC1,0,0,0,1,0,1,1,0,0,0,0,0,0,0,0,0,0,0,0,0,0,0,0,0,0,0,1,0,1,0
58-89-9,NRB,ClC1C(Cl)C(Cl)C(Cl)C(Cl)C1Cl,0,0,0,0,0,0,0,0,0,0,0,0,0,0,0,0,0,0,0,0,0,0,0,0,0,0,1,0,0,1
76-60-8,NRB,Cc1c(C2(c3cc(Br)c(O)c(Br)c3C)OS(=O)(=O)c3ccccc32)cc(Br)c(O)c1Br,0,0,0,1,1,1,0,0,1,0,0,0,0,0,0,0,0,0,0,0,0,0,0,0,0,0,1,0,0,0
1987/10/5,NRB,O=C(Nc1ccc(Br)cc1)c1cc(Br)cc(Br)c1O,0,0,0,0,0,0,1,0,0,0,0,0,0,0,0,0,0,0,0,0,0,0,0,0,0,0,1,0,0,0
92-72-8,NRB,COc1cc(OC)c(NC(=O)c2cc3ccccc3cc2O)cc1Cl,0,0,0,1,0,1,1,0,0,0,0,0,0,0,0,0,0,0,0,0,0,0,0,0,0,0,1,0,0,0
92-76-2,NRB,Cc1cc(Cl)ccc1NC(=O)c1cc2ccccc2cc1O,0,0,0,1,0,1,1,0,0,0,0,0,0,0,0,0,0,0,0,0,0,0,0,0,0,0,1,0,0,0
53-19-0,NRB,Clc1ccc(C(c2ccccc2Cl)C(Cl)Cl)cc1,0,0,0,1,0,1,1,0,0,0,0,0,0,0,0,0,0,0,0,0,0,0,0,0,0,0,1,0,0,1
28824-41-1,NRB,N#CCCNCCc1ccc(N=Nc2nc3c(Br)cc(Br)cc3s2)cc1,0,0,0,0,0,0,1,0,0,0,0,0,0,0,0,0,0,0,0,0,0,0,0,0,0,0,1,0,1,0
31030-27-0,NRB,CCN(CCOc1ccccc1)c1ccc(N=Nc2ccc([N+](=O)[O-])cc2Cl)cc1,0,0,0,1,0,1,0,0,0,0,0,0,0,0,0,0,0,0,0,0,0,0,0,1,0,0,1,0,1,0
32534-81-9,NRB,Brc1ccc(Oc2cc(Br)c(Br)cc2Br)c(Br)c1,0,0,0,0,0,0,0,0,0,0,0,0,0,0,0,0,0,0,0,0,0,0,0,0,0,0,1,0,0,0
33979-43-0,NRB,CC(=O)OCCN(CCC#N)c1ccc(N=Nc2nc3cc(Cl)c(Cl)cc3s2)cc1,0,0,0,1,0,1,0,1,1,0,0,0,0,0,0,0,0,0,0,0,0,0,0,1,0,0,1,1,1,0
34455-03-3,NRB,CCN(CCO)S(=O)(=O)C(F)(F)C(F)(F)C(F)(F)C(F)(F)C(F)(F)C(F)(F)F,0,0,0,0,0,0,0,0,0,0,0,0,0,0,0,0,0,0,0,0,0,0,0,1,0,0,1,0,1,0
40088-47-9,NRB,Brc1cccc(Oc2ccc(Br)c(Br)c2Br)c1,0,0,0,0,0,0,0,0,0,0,0,0,0,0,0,0,0,0,0,0,0,0,0,0,0,0,1,0,0,0
40615-36-9,NRB,COc1ccc(C(Cl)(c2ccccc2)c2ccc(OC)cc2)cc1,0,0,0,1,0,0,0,1,0,0,0,0,0,0,0,0,0,0,0,0,0,0,0,0,0,0,1,0,0,0
41362-82-7,NRB,CN(CCC#N)c1ccc(N=Nc2nc3cc(Cl)c(Cl)cc3s2)cc1,0,0,0,1,0,1,0,0,0,0,0,0,0,0,0,0,0,0,0,0,0,0,0,0,0,0,1,0,1,0
42852-92-6,NRB,C=CCN(Cc1ccccc1)c1cc(NC(C)=O)c(N=Nc2c(Br)cc([N+](=O)[O-])cc2[N+](=O)[O-])cc1OC,0,0,0,0,0,0,1,0,0,0,0,0,0,0,0,0,0,1,0,0,0,0,0,0,0,0,1,0,1,0
52697-38-8,NRB,CCN(CC)c1ccc(N=Nc2c(Br)cc([N+](=O)[O-])cc2[N+](=O)[O-])c(NC(C)=O)c1,0,0,0,0,0,0,1,0,0,0,0,0,0,0,0,0,0,0,0,0,0,0,0,0,0,0,1,0,1,0
55252-53-4,NRB,CCN(CC)c1ccc(N=Nc2c(I)cc([N+](=O)[O-])cc2C#N)c(NC(C)=O)c1,0,0,0,0,0,0,1,0,0,0,0,0,0,0,0,0,0,0,0,0,0,0,0,0,0,0,1,0,1,0
55281-26-0,NRB,CCN(CCC#N)c1ccc(N=Nc2c(Br)cc([N+](=O)[O-])cc2Br)cc1,0,0,0,0,0,0,0,0,0,0,0,0,0,0,0,0,0,0,0,0,0,0,0,0,0,0,1,0,1,0
55619-18-6,NRB,CC(=O)OCCN(CCOC(C)=O)c1ccc(N=Nc2c(Br)cc([N+](=O)[O-])cc2Br)cc1,0,0,0,0,0,0,0,1,1,0,0,0,0,0,0,0,0,0,0,0,0,0,0,1,0,0,1,1,1,0
58161-93-6,NRB,CC(C)(C)C(=O)C(Oc1ccc(C(=O)O)cc1)C(=O)Nc1ccc(Cl)cc1Cl,0,0,0,1,0,1,1,0,0,0,0,0,0,0,0,0,0,0,0,0,0,0,0,1,0,0,1,1,0,0
59487-23-9,NRB,COc1cc(OC)c(NC(=O)c2cc3ccccc3c(N=Nc3cc(C(=O)Nc4ccc(C(N)=O)cc4)ccc3OC)c2O)cc1Cl,0,0,0,1,0,1,1,0,0,0,0,0,0,0,0,0,0,0,0,0,0,0,0,0,0,0,1,0,0,0
59583-77-6,NRB,CCCCN(CCOC(=O)Nc1ccc(Cl)c(Cl)c1)c1ccc(C=C(C#N)C#N)c(C)c1,0,0,0,1,0,1,1,1,1,0,0,0,0,0,0,0,0,0,0,0,0,0,0,1,0,0,1,1,1,0
59709-38-5,NRB,COC(=O)CCN(CCC(=O)OC)c1ccc(N=Nc2c(Cl)cc([N+](=O)[O-])cc2Br)cc1,0,0,0,1,0,1,0,1,1,0,0,0,0,0,0,0,0,0,0,0,1,0,0,1,0,0,1,1,1,0
63133-84-6,NRB,Cc1cc2c(cc1N=Nc1c(Cl)cc([N+](=O)[O-])cc1[N+](=O)[O-])C(C)CC(C)(C)N2CCO,0,0,0,1,0,1,0,0,0,0,0,0,0,0,0,0,0,0,0,0,0,0,0,1,0,0,1,0,1,0
63281-10-7,NRB,Cc1c(C#N)c(NCCCOCCOc2ccccc2)nc(NCCCOCCOc2ccccc2)c1N=Nc1ccc(S(C)(=O)=O)cc1Cl,0,0,0,1,0,1,1,0,1,0,0,0,0,0,0,0,0,0,0,0,0,0,0,1,0,0,1,0,1,0
64086-95-9,NRB,CC(C)Nc1nc(Nc2cc(Br)c(N)c3c2C(=O)c2ccccc2C3=O)nc(-c2ccccc2)n1,0,0,0,1,1,0,1,0,0,0,0,0,0,0,0,0,0,0,0,0,0,0,0,0,0,0,1,0,0,0
64111-81-5,NRB,Oc1cc(Cl)ccc1Oc1ccc(Cl)cc1Cl,0,0,0,1,0,1,0,0,0,0,0,0,0,0,0,0,0,0,0,0,0,0,0,0,0,0,1,0,0,0
68214-66-4,NRB,CCOCCOC(=O)Nc1cc(N(CC)CC)ccc1N=Nc1ccc([N+](=O)[O-])cc1Cl,0,0,0,1,0,1,1,1,1,0,0,0,0,0,0,0,0,0,0,0,0,0,0,1,0,0,1,1,1,0
68298-13-5,NRB,CNS(=O)(=O)C(F)(F)C(F)(F)C(F)(F)C(F)(F)C(F)(F)F,0,0,0,0,0,0,1,0,0,0,0,0,0,0,0,0,0,0,0,0,0,0,0,0,0,0,1,0,0,0
68516-64-3,NRB,CC(=O)OCCN(CCC#N)c1ccc(N=Nc2ccc([N+](=O)[O-])cc2Cl)c(C)c1,0,0,0,1,0,1,0,1,1,0,0,0,0,0,0,0,0,0,0,0,0,0,0,1,0,0,1,1,1,0
68555-72-6,NRB,CCN(CCO)S(=O)(=O)C(F)(F)C(F)(F)C(F)(F)C(F)(F)C(F)(F)F,0,0,0,0,0,0,0,0,0,0,0,0,0,0,0,0,0,0,0,0,0,0,0,1,0,0,1,0,1,0
68555-73-7,NRB,CCN(CCO)S(=O)(=O)C(F)(F)C(F)(F)C(F)(F)C(F)(F)C(F)(F)C(F)(F)C(F)(F)F,0,0,0,0,0,0,0,0,0,0,0,0,0,0,0,0,0,0,0,0,0,0,0,1,0,0,1,0,1,0
68555-75-9,NRB,CN(CCO)S(=O)(=O)C(F)(F)C(F)(F)C(F)(F)C(F)(F)C(F)(F)C(F)(F)F,0,0,0,0,0,0,0,0,0,0,0,0,0,0,0,0,0,0,0,0,0,0,0,1,0,0,1,0,1,0
68555-76-0,NRB,CN(CCO)S(=O)(=O)C(F)(F)C(F)(F)C(F)(F)C(F)(F)C(F)(F)C(F)(F)C(F)(F)F,0,0,0,0,0,0,0,0,0,0,0,0,0,0,0,0,0,0,0,0,0,0,0,1,0,0,1,0,1,0
68877-63-4,NRB,C=CCN(CCC#N)c1cc(NC(C)=O)c(N=Nc2c(Br)cc([N+](=O)[O-])cc2[N+](=O)[O-])cc1OC,0,0,0,0,0,0,1,0,0,0,0,0,0,0,0,0,0,0,0,0,0,0,0,0,0,0,1,0,1,0
68957-62-0,NRB,CCNS(=O)(=O)C(F)(F)C(F)(F)C(F)(F)C(F)(F)C(F)(F)C(F)(F)C(F)(F)F,0,0,0,0,0,0,1,0,0,0,0,0,0,0,0,0,0,0,0,0,0,0,0,0,0,0,1,0,1,0
70660-55-8,NRB,COCCCNc1ccc(N=Nc2c(Br)cc([N+](=O)[O-])cc2[N+](=O)[O-])c2ccccc12,0,0,0,0,0,0,1,0,0,0,0,0,0,0,0,0,0,0,0,0,0,0,0,1,0,0,1,0,1,0
72828-63-8,NRB,CCCCN(CCOC(C)=O)c1ccc(N=Nc2c(Br)cc([N+](=O)[O-])cc2C#N)c(C)c1,0,0,0,0,0,0,0,1,1,0,0,0,0,0,0,0,0,0,0,0,0,0,0,1,0,0,1,1,1,0
72927-94-7,NRB,O=[N+]([O-])c1ccc(Nc2ccc(N=Nc3c(Cl)cc([N+](=O)[O-])cc3Cl)cc2)cc1,0,0,0,1,0,1,1,0,0,0,0,0,0,0,0,0,0,0,0,0,0,0,0,0,0,0,1,0,0,0
73003-64-2,NRB,COC(=O)OCCN(CCOC(=O)OC)c1ccc(N=Nc2c(Cl)cc([N+](=O)[O-])cc2Cl)c(C)c1,0,0,0,1,0,1,0,1,1,0,0,0,0,0,0,0,0,0,0,0,1,0,0,1,0,0,1,1,1,0
73398-86-4,NRB,CCCc1cc(Cl)cc(-c2ccncc2)c1,0,0,0,1,0,1,1,0,0,0,0,0,0,0,0,0,0,0,0,0,0,0,0,0,0,0,1,0,0,0
73398-87-5,NRB,CCCc1cc(-c2ccncc2)ccc1Cl,0,0,0,1,0,1,1,0,0,0,0,0,0,0,0,0,0,0,0,0,0,0,0,0,0,0,1,0,0,0
73528-78-6,NRB,COCCNc1nc(NCCOC)c(N=Nc2cc(OC)c(N=Nc3c(Cl)cc([N+](=O)[O-])cc3Cl)cc2OC)c(C)c1C#N,0,0,0,1,0,1,1,0,1,0,0,0,0,0,0,0,0,0,0,0,0,0,0,1,0,0,1,0,1,0
74336-60-0,NRB,Cc1[nH]n2c(=O)c3cc(Cl)cc(Cl)c3nc2c1N=Nc1cccc2c1C(=O)c1ccccc1C2=O,0,0,0,1,1,1,0,0,0,0,0,0,0,0,0,0,0,0,0,0,0,0,0,0,0,0,1,0,0,0
79542-46-4,NRB,CC(=O)Nc1cc(NCC(O)COc2ccccc2)c(Cl)cc1N=Nc1ccc([N+](=O)[O-])cc1Cl,0,0,0,1,0,1,1,0,0,0,0,0,0,0,0,0,0,0,0,0,0,0,0,1,0,0,1,0,1,0
83249-47-2,NRB,CCCN(CCC)c1ccc(N=Nc2c(Br)cc([N+](=O)[O-])cc2C#N)c(NC(C)=O)c1,0,0,0,0,0,0,1,0,0,0,0,0,0,0,0,0,0,0,0,0,0,0,0,0,0,0,1,0,1,0
83249-49-4,NRB,CCN(CC)c1ccc(N=Nc2c(Br)cc(C)cc2C#N)c(C)c1,0,0,0,0,0,0,0,0,0,0,0,0,0,0,0,0,0,0,0,0,0,0,0,0,0,0,1,0,1,0
83249-53-0,NRB,CCN(CC)c1ccc(N=Nc2c(Br)cc(C)cc2C#N)c(NS(C)(=O)=O)c1,0,0,0,0,0,0,1,0,0,0,0,0,0,0,0,0,0,0,0,0,0,0,0,0,0,0,1,0,1,0
83249-54-1,NRB,CCCN(CCC)c1ccc(N=Nc2c(Br)cc(C)cc2C#N)c(NS(C)(=O)=O)c1,0,0,0,0,0,0,1,0,0,0,0,0,0,0,0,0,0,0,0,0,0,0,0,0,0,0,1,0,1,0
85392-21-8,NRB,COCCCNc1nc(NCCCOC)c(N=Nc2ccc(N=Nc3ccccc3)cc2Cl)c(C)c1C#N,0,0,0,1,0,1,1,0,0,0,0,0,0,0,0,0,0,0,0,0,0,0,0,1,0,0,1,0,1,0
85702-64-3,NRB,O=C1C(=C2Nc3c(Br)cc(Br)cc3C2=O)Nc2c(Cl)cc(Br)cc21,0,0,0,1,0,1,1,0,0,0,0,0,0,0,0,0,0,0,0,0,0,0,0,0,0,0,1,0,0,0
90729-40-1,NRB,CCCCn1c(O)c(N=Nc2ccc(C(=O)c3ccc(Cl)cc3)cc2[N+](=O)[O-])c(C)c(C#N)c1=O,0,0,0,1,1,1,0,0,0,0,0,0,0,0,0,0,0,0,0,0,0,0,0,1,0,0,1,0,1,0
101200-53-7,NRB,Clc1cccc(CCCc2ccccn2)c1,0,0,0,1,0,1,1,0,0,0,0,0,0,0,0,0,0,0,0,0,0,0,0,0,0,0,1,0,0,0
379-52-2,NRB,[F][Sn]([c]1ccccc1)([c]1ccccc1)[c]1ccccc1,0,0,0,0,0,0,0,0,0,0,0,0,0,0,0,0,0,0,0,0,0,0,0,0,0,0,1,0,0,0
61788-76-9,NRB,CCCC(Cl)CCC(Cl)CC(Cl)C(Cl)CCC(Cl)CCC(Cl)C(Cl)CC(C)Cl,0,0,0,0,0,0,0,0,0,0,0,0,0,0,0,0,0,0,0,0,0,0,0,0,0,0,1,0,0,1
68391-08-2,NRB,OCCC(F)(F)C(F)(F)C(F)(F)C(F)(F)C(F)(F)C(F)(F)C(F)(F)C(F)(F)C(F)(F)C(F)(F)C(F)(F)C(F)(F)C(F)(F)C(F)(F)C(F)(F)C(F)(F)F,0,0,0,0,0,0,0,0,0,0,0,0,0,0,0,0,0,0,0,0,0,0,0,1,0,0,1,0,1,0
79-34-5,NRB,ClC(Cl)C(Cl)Cl,0,0,0,0,0,0,0,0,0,0,0,0,0,0,0,0,0,0,0,0,0,0,0,0,0,0,1,0,0,1
1998/7/7,RB,ClC(Cl)(Cl)c1ccccc1,0,0,0,0,0,0,0,1,0,0,0,0,0,0,0,0,0,0,0,0,0,0,0,0,0,0,1,0,0,0
15104-61-7,NRB,ClC(Cl)C(Cl)C(Cl)Cl,0,0,0,0,0,0,0,0,0,0,0,0,0,0,0,0,0,0,0,0,0,0,0,0,0,0,1,0,0,1
98-66-8,RB,O=S(=O)(O)c1ccc(Cl)cc1,0,0,0,1,0,1,0,0,0,0,0,0,0,0,0,0,0,0,0,0,0,1,1,0,0,0,1,0,0,0
123251-96-7,NRB,Nc1c(Cl)cc(-c2cc(Cl)c(N)c(S(=O)(=O)O)c2)cc1S(=O)(=O)O,0,0,0,1,0,1,1,0,0,0,0,0,0,0,0,0,0,0,0,0,0,0,0,0,0,0,1,0,0,0
1939-99-7,RB,O=S(=O)(Cl)Cc1ccccc1,1,1,0,0,1,0,0,0,0,1,0,0,0,0,0,0,0,1,0,0,0,0,0,0,0,0,1,0,1,0
110-52-1,NRB,BrCCCCBr,0,0,0,0,0,0,0,0,0,0,0,0,0,0,0,0,0,0,0,0,0,0,0,0,0,0,0,0,1,0
1996/12/8,NRB,ClCC(Br)CBr,0,0,0,0,0,0,0,0,0,0,0,0,0,0,0,0,0,0,0,1,0,0,0,0,0,0,1,0,1,1
18708-70-8,NRB,O=[N+]([O-])c1c(Cl)cc(Cl)cc1Cl,0,0,0,1,0,1,0,0,0,0,0,0,0,0,0,0,0,0,0,0,0,0,0,0,0,0,1,0,0,0
82-68-8,NRB,O=[N+]([O-])c1c(Cl)c(Cl)c(Cl)c(Cl)c1Cl,0,0,0,1,0,1,0,0,0,0,0,0,0,0,0,0,0,0,0,0,0,0,0,0,0,0,1,0,0,0
100-00-5,NRB,O=[N+]([O-])c1ccc(Cl)cc1,0,0,0,1,0,1,0,0,0,0,0,0,0,0,0,0,0,0,0,0,0,0,0,0,0,0,1,0,0,0
121-73-3,NRB,O=[N+]([O-])c1cccc(Cl)c1,0,0,0,1,0,1,0,0,0,0,0,0,0,0,0,0,0,0,0,0,0,0,0,0,0,0,1,0,0,0
7149-75-9,NRB,Cc1cc(N)ccc1Cl,0,0,0,1,0,1,1,0,0,0,0,0,0,0,0,0,0,0,0,0,0,0,0,0,0,0,1,0,0,0
95-69-2,NRB,Cc1cc(Cl)ccc1N,0,0,0,1,0,1,1,0,0,0,0,0,0,0,0,0,0,0,0,0,0,0,0,0,0,0,1,0,0,0
63133-82-4,NRB,Cc1cc(C)c(N)c(Cl)c1,0,0,0,1,0,1,1,0,0,0,0,0,0,0,0,0,0,0,0,0,0,0,0,0,0,0,1,0,0,0
133-06-2,NRB,O=C1C2CC=CCC2C(=O)N1SC(Cl)(Cl)Cl,0,0,0,0,0,0,0,0,0,0,0,0,0,0,0,0,0,0,0,0,0,0,0,0,0,0,1,0,0,0
87-90-1,NRB,O=c1n(Cl)c(=O)n(Cl)c(=O)n1Cl,0,0,0,0,0,0,0,0,0,0,0,0,0,0,0,0,0,0,0,0,0,0,0,0,0,0,1,0,0,0
96-23-1,RB,OC(CCl)CCl,0,0,0,0,0,0,0,0,0,0,0,1,0,0,0,0,0,0,0,1,0,0,0,1,0,1,0,0,1,1
77-47-4,NRB,ClC1=C(Cl)C(Cl)(Cl)C(Cl)=C1Cl,0,0,0,0,0,0,0,0,0,0,0,0,0,0,0,0,0,0,0,0,0,0,0,0,0,0,1,0,0,0
4162-45-2,NRB,CC(C)(c1cc(Br)c(OCCO)c(Br)c1)c1cc(Br)c(OCCO)c(Br)c1,0,0,0,1,0,1,0,0,0,0,0,0,0,0,0,0,0,0,0,0,0,0,0,1,0,0,1,0,1,0
31732-71-5,NRB,CCC[CH2][Sn]([CH2]CCC)([CH2]CCC)[O]C(=O)C(Br)C(Br)C(=O)[O][Sn]([CH2]CCC)([CH2]CCC)[CH2]CCC,0,0,0,1,0,1,0,0,0,0,0,0,0,0,0,0,0,0,0,0,0,0,0,1,0,0,1,1,1,0
920-66-1,NRB,OC(C(F)(F)F)C(F)(F)F,0,0,0,0,0,0,0,0,0,0,0,0,0,0,0,0,0,0,0,0,0,0,0,1,0,0,1,0,0,0
1623-05-8,NRB,FC(F)=C(F)OC(F)(F)C(F)(F)C(F)(F)F,0,1,0,0,0,0,0,0,0,0,0,0,0,0,0,0,0,0,0,0,0,0,0,1,0,0,1,0,0,0
540-59-0,NRB,ClC=CCl,0,0,0,0,0,0,0,0,0,0,0,0,0,0,0,0,0,0,0,0,0,0,0,0,0,0,0,0,0,1
104-83-6,NRB,ClCc1ccc(Cl)cc1,0,0,0,1,0,1,0,1,0,0,0,0,0,0,0,0,0,0,0,1,0,0,0,0,0,0,1,0,1,1
108-70-3,NRB,Clc1cc(Cl)cc(Cl)c1,0,0,0,1,0,1,0,0,0,0,0,0,0,0,0,0,0,0,0,0,0,0,0,0,0,0,1,0,0,0
108-90-7,NRB,Clc1ccccc1,0,0,0,1,0,1,0,0,0,0,0,0,0,0,0,0,0,0,0,0,0,0,0,0,0,0,1,0,0,0
120-82-1,NRB,Clc1ccc(Cl)c(Cl)c1,0,0,0,1,0,1,0,0,0,0,0,0,0,0,0,0,0,0,0,0,0,0,0,0,0,0,1,0,0,0
98-15-7,NRB,FC(F)(F)c1cccc(Cl)c1,0,0,0,1,0,1,0,0,0,0,0,0,0,0,0,0,0,0,0,0,0,0,0,0,0,0,1,0,0,0
83-38-5,NRB,O=Cc1c(Cl)cccc1Cl,0,0,0,1,0,1,0,0,0,0,0,0,0,0,0,0,0,0,0,0,0,0,0,0,0,0,1,0,0,0
16063-70-0,NRB,Clc1cnc(Cl)c(Cl)c1,0,0,0,1,0,1,0,0,0,0,0,0,0,0,0,0,0,0,0,0,0,0,0,0,0,0,1,0,0,0
2142-68-9,NRB,CC(=O)c1ccccc1Cl,0,0,0,1,0,1,1,0,0,0,0,0,0,0,0,0,0,0,0,0,0,0,0,0,0,0,1,0,0,0
102-36-3,NRB,O=C=Nc1ccc(Cl)c(Cl)c1,0,0,0,1,0,1,0,0,0,0,0,0,0,0,0,0,0,0,0,0,0,0,0,0,0,0,1,0,0,0
1777-82-8,RB,OCc1ccc(Cl)cc1Cl,0,0,0,1,0,1,0,0,0,0,0,0,0,0,0,0,0,0,1,0,0,0,0,0,0,0,1,0,1,0
36483-60-0,NRB,Brc1ccc(Oc2cc(Br)c(Br)c(Br)c2Br)cc1Br,0,0,0,0,0,0,0,0,0,0,0,0,0,0,0,0,0,0,0,0,0,0,0,0,0,0,1,0,0,0
5306-98-9,NRB,Cc1ccc(Cl)cc1O,0,0,0,1,0,1,0,0,0,0,0,0,0,0,0,0,0,0,0,0,0,0,0,0,0,0,1,0,0,0
615-62-3,NRB,Cc1ccc(O)cc1Cl,0,0,0,1,0,1,0,0,0,0,0,0,0,0,0,0,0,0,0,0,0,0,0,0,0,0,1,0,0,0
92296-04-3,NRB,Cc1c(NC(=O)C(C)Br)c(=O)n(-c2ccccc2)n1C,0,0,0,1,1,0,1,1,0,0,1,0,0,0,0,0,0,0,0,0,0,0,0,0,0,0,1,0,0,0
133-14-2,NRB,O=C(OOC(=O)c1ccc(Cl)cc1Cl)c1ccc(Cl)cc1Cl,0,0,0,1,0,1,0,0,0,0,0,0,0,0,0,0,0,0,0,0,0,0,0,0,0,0,1,1,0,0
1073-67-2,NRB,C=Cc1ccc(Cl)cc1,0,0,0,1,0,1,0,0,0,0,0,0,0,0,0,0,0,0,0,0,0,0,0,0,0,0,1,0,0,0
2039-85-2,NRB,C=Cc1cccc(Cl)c1,0,0,0,1,0,1,0,0,0,0,0,0,0,0,0,0,0,0,0,0,0,0,0,0,0,0,1,0,0,0
2039-87-4,NRB,C=Cc1ccccc1Cl,0,0,0,1,0,1,0,0,0,0,0,0,0,0,0,0,0,0,0,0,0,0,0,0,0,0,1,0,0,0
108-86-1,NRB,Brc1ccccc1,0,0,0,0,0,0,0,0,0,0,0,0,0,0,0,0,0,0,0,0,0,0,0,0,0,0,1,0,0,0
87-82-1,NRB,Brc1c(Br)c(Br)c(Br)c(Br)c1Br,0,0,0,0,0,0,0,0,0,0,0,0,0,0,0,0,0,0,0,0,0,0,0,0,0,0,1,0,0,0
1998/8/8,NRB,FC(F)(F)c1ccccc1,0,0,0,0,0,0,0,0,0,0,0,0,0,0,0,0,0,0,0,0,0,0,0,0,0,0,1,0,0,0
117-80-6,NRB,O=C1C(Cl)=C(Cl)C(=O)c2ccccc21,0,0,0,0,0,0,0,0,0,0,0,0,0,0,0,0,0,0,0,0,0,0,0,0,0,0,1,0,0,0
30171-80-3,NRB,Cc1cc(Br)c(Br)c(OCC2CO2)c1,0,0,0,0,0,1,0,0,1,0,0,0,0,0,0,0,0,0,0,0,0,0,0,1,0,0,1,0,1,0
535-80-8,RB,O=C(O)c1cccc(Cl)c1,0,0,0,1,0,1,0,0,0,0,0,0,0,0,0,0,0,0,0,0,0,0,0,0,0,0,1,1,0,0
88-67-5,NRB,O=C(O)c1ccccc1I,0,0,0,0,0,1,0,0,0,0,0,0,0,0,0,0,0,0,0,0,0,0,0,0,0,0,1,1,0,0
2840-28-0,NRB,Nc1cc(C(=O)O)ccc1Cl,0,0,0,1,0,1,1,0,0,0,0,0,0,0,0,0,0,0,0,0,0,0,0,0,0,0,1,1,0,0
107-07-3,RB,OCCCl,0,0,0,0,0,0,0,0,0,0,0,0,0,0,0,0,0,0,0,1,0,0,0,1,0,1,0,0,1,1
120-32-1,RB,Oc1ccc(Cl)cc1Cc1ccccc1,0,0,0,1,0,1,0,0,0,0,0,0,0,0,0,0,0,1,0,0,0,0,0,0,0,0,1,0,0,0
124-48-1,NRB,ClC(Br)Br,0,0,0,0,0,0,0,0,0,0,0,0,0,0,0,0,0,0,0,0,0,0,0,0,0,0,1,0,0,0
133-90-4,NRB,Nc1cc(Cl)cc(C(=O)O)c1Cl,0,0,0,1,0,1,1,0,0,0,0,0,0,0,0,0,0,0,0,0,0,0,0,0,0,0,1,1,0,0
139-40-2,NRB,CC(C)Nc1nc(Cl)nc(NC(C)C)n1,0,0,0,0,0,0,1,0,0,0,0,0,0,0,0,0,0,0,0,0,0,0,0,0,0,0,1,0,0,0
15545-48-9,NRB,Cc1ccc(NC(=O)N(C)C)cc1Cl,0,0,0,1,0,1,1,0,0,0,0,0,0,0,0,0,0,0,0,0,0,0,0,0,0,0,1,0,0,0
1689-84-5,RB,N#Cc1cc(Br)c(O)c(Br)c1,0,0,0,0,1,0,0,0,0,0,0,0,0,0,0,0,0,0,0,0,0,0,0,0,0,0,1,0,0,0
1689-99-2,RB,CCCCCCCC(=O)Oc1c(Br)cc(C#N)cc1Br,0,0,0,0,1,0,0,1,0,0,0,0,1,0,1,1,0,0,0,0,0,0,0,1,0,0,1,1,0,0
1746-01-6,NRB,Clc1cc2c(cc1Cl)Oc1cc(Cl)c(Cl)cc1O2,0,0,0,1,0,1,0,0,0,0,0,0,0,0,0,0,0,0,0,0,0,0,0,0,0,0,1,0,0,0
1982-47-4,NRB,CN(C)C(=O)Nc1ccc(Oc2ccc(Cl)cc2)cc1,0,0,0,1,0,1,1,0,0,0,0,0,0,0,0,0,0,0,0,0,0,0,0,0,0,0,1,0,0,0
2008-58-4,NRB,NC(=O)c1c(Cl)cccc1Cl,0,0,0,1,0,1,1,0,0,0,0,0,0,0,0,0,0,0,0,0,0,0,0,0,0,0,1,0,0,0
2051-62-9,RB,Clc1ccc(-c2ccccc2)cc1,0,0,0,1,0,1,0,0,0,0,0,0,0,0,0,0,0,0,0,0,0,0,0,0,0,0,1,0,0,0
35693-99-3,NRB,Clc1ccc(Cl)c(-c2cc(Cl)ccc2Cl)c1,0,0,0,1,0,1,0,0,0,0,0,0,0,0,0,0,0,0,0,0,0,0,0,0,0,0,1,0,0,0
36355-01-8,NRB,Brc1ccc(-c2ccc(Br)c(Br)c2Br)c(Br)c1Br,0,0,0,0,0,0,0,0,0,0,0,0,0,0,0,0,0,0,0,0,0,0,0,0,0,0,1,0,0,0
367-12-4,NRB,Oc1ccccc1F,0,0,0,0,0,0,0,0,0,0,0,0,0,0,0,0,0,0,0,0,0,0,0,0,0,0,1,0,0,0
4684-94-0,NRB,O=C(O)c1cccc(Cl)n1,0,0,0,1,0,1,0,0,0,0,0,0,0,0,0,0,0,0,0,0,0,0,0,0,0,0,1,1,0,0
50-30-6,NRB,O=C(O)c1c(Cl)cccc1Cl,0,0,0,1,0,1,0,0,0,0,0,0,0,0,0,0,0,0,0,0,0,0,0,0,0,0,1,1,0,0
50-79-3,NRB,O=C(O)c1cc(Cl)ccc1Cl,0,0,0,1,0,1,0,0,0,0,0,0,0,0,0,0,0,0,0,0,0,0,0,0,0,0,1,1,0,0
51338-27-3,RB,COC(=O)C(C)Oc1ccc(Oc2ccc(Cl)cc2Cl)cc1,0,0,0,1,0,1,0,1,1,0,1,0,0,0,0,0,0,0,0,0,1,0,0,1,1,0,1,1,0,0
527-20-8,NRB,Nc1c(Cl)c(Cl)c(Cl)c(Cl)c1Cl,0,0,0,1,0,1,1,0,0,0,0,0,0,0,0,0,0,0,0,0,0,0,0,0,0,0,1,0,0,0
533-58-4,NRB,Oc1ccccc1I,0,0,0,0,0,0,0,0,0,0,0,0,0,0,0,0,0,0,0,0,0,0,0,0,0,0,1,0,0,0
540-38-5,NRB,Oc1ccc(I)cc1,0,0,0,0,0,0,0,0,0,0,0,0,0,0,0,0,0,0,0,0,0,0,0,0,0,0,1,0,0,0
540-49-8,NRB,BrC=CBr,0,0,0,0,0,0,0,0,0,0,0,0,0,0,0,0,0,0,0,0,0,0,0,0,0,0,0,0,0,0
555-37-3,NRB,CCCCN(C)C(=O)Nc1ccc(Cl)c(Cl)c1,0,0,0,1,0,1,1,0,0,0,0,0,0,0,0,0,0,0,0,0,0,0,0,0,0,0,1,0,1,0
57057-83-7,NRB,COc1c(O)cc(Cl)c(Cl)c1Cl,0,0,0,1,0,1,0,0,0,0,0,0,0,0,0,0,0,0,0,0,0,0,0,0,0,0,1,0,0,0
626-43-7,NRB,Nc1cc(Cl)cc(Cl)c1,0,0,0,1,0,1,1,0,0,0,0,0,0,0,0,0,0,0,0,0,0,0,0,0,0,0,1,0,0,0
75-27-4,NRB,ClC(Cl)Br,0,0,0,0,0,0,0,0,0,0,0,0,0,0,0,0,0,0,0,0,0,0,0,0,0,0,1,0,0,0
99-30-9,NRB,Nc1c(Cl)cc([N+](=O)[O-])cc1Cl,0,0,0,1,0,1,1,0,0,0,0,0,0,0,0,0,0,0,0,0,0,0,0,0,0,0,1,0,0,0
1004-03-1,NRB,O=c1[nH]cc(F)c(=O)[nH]1,0,0,0,0,1,0,0,0,0,0,0,0,0,0,0,0,0,0,0,0,0,0,0,0,0,0,1,0,0,0
-,RB,O=P(NCCCl)(NCCCl)OC1OC(CO)C(O)C(O)C1O,0,0,0,1,0,1,1,0,1,0,0,0,0,0,0,0,0,0,0,1,0,0,0,1,1,0,0,1,1,1
-,NRB,O=P(NCCCl)(NCCCl)OC1OC(O)C(O)C(O)C1O,0,0,0,1,0,1,1,0,1,0,0,0,0,0,0,0,0,0,0,1,0,0,0,1,1,0,0,1,1,1
-,NRB,N=C(CCCCCCNC(=N)NC(=N)c1ccc(Cl)cc1)NC(=N)Nc1ccc(Cl)cc1,0,0,0,1,1,1,1,0,0,0,0,0,1,0,0,0,0,0,0,0,0,0,0,0,0,0,1,0,1,0
85721-33-1,NRB,O=C(O)c1cn(C2CC2)c2cc(N3CCNCC3)c(F)cc2c1=O,0,0,0,1,0,1,1,0,0,0,0,0,0,0,0,0,0,0,0,0,0,0,0,1,0,0,1,1,1,0
637-07-0,NRB,CCOC(=O)C(C)(C)Oc1ccc(Cl)cc1,0,0,0,1,0,1,0,1,1,0,0,0,0,0,0,0,0,0,0,0,0,0,0,1,1,0,1,1,1,0
882-09-7,NRB,CC(C)(Oc1ccc(Cl)cc1)C(=O)O,0,0,0,1,0,1,0,0,0,0,0,0,0,0,0,0,0,0,0,0,0,0,0,1,0,0,1,1,0,0
50-18-0,NRB,O=P1(N(CCCl)CCCl)NCCCO1,0,0,0,1,0,1,1,0,0,0,0,0,0,0,0,0,0,0,0,1,0,0,0,1,0,0,0,0,1,1
122111-03-9,NRB,Nc1ccn(C2OC(CO)C(O)C2(F)F)c(=O)n1,0,0,0,1,1,0,1,0,1,0,0,0,0,0,0,0,0,0,0,0,0,0,0,1,1,0,1,0,1,0
36341-88-5,NRB,O=P1(NCCCl)OCCCN1CCCl,0,0,0,1,0,1,1,0,0,0,0,0,0,0,0,0,0,0,0,1,0,0,0,1,0,0,0,0,1,1
66108-95-0,NRB,CC(=O)N(CC(O)CO)c1c(I)c(C(=O)NCC(O)CO)c(I)c(C(=O)NCC(O)CO)c1I,0,0,0,0,1,0,1,0,0,0,0,0,0,0,0,0,0,0,0,0,0,0,0,1,0,0,1,0,1,0
73334-07-3,NRB,COCC(=O)Nc1c(I)c(C(=O)NCC(O)CO)c(I)c(C(=O)N(C)CC(O)CO)c1I,0,0,0,0,1,0,1,0,0,0,0,0,0,0,0,0,0,0,0,0,0,0,0,1,0,0,1,0,1,0
79770-24-4,NRB,CN(C(=O)CC(=O)N(C)c1c(I)c(C(=O)NC(CO)C(O)CO)c(I)c(C(=O)NC(CO)C(O)CO)c1I)c1c(I)c(C(=O)NC(CO)C(O)CO)c(I)c(C(=O)NC(CO)C(O)CO)c1I,0,0,0,0,1,0,1,0,0,0,0,0,0,0,0,0,0,0,0,0,0,0,0,1,0,0,1,0,1,0
82419-36-1,NRB,CC1COc2c(N3CCN(C)CC3)c(F)cc3c(=O)c(C(=O)O)cn1c23,0,0,0,1,1,1,1,0,0,0,0,0,0,0,0,0,0,0,0,0,0,0,0,1,0,0,1,1,1,0
89987-06-4,NRB,O=P(O)(O)C(Sc1ccc(Cl)cc1)P(=O)(O)O,0,0,0,1,1,1,1,1,0,0,0,0,0,0,0,0,0,0,0,0,0,0,0,0,0,0,1,0,0,0
